,,,,,,,,,,,,,,Per Game,,,,,,Shooting,,,,Advanced,
Rk,Year,Lg,Rd,Pk,Tm,Player,Age,Pos,Born,College,From,To,G,MP,PTS,TRB,AST,STL,BLK,FG%,2P%,3P%,FT%,WS,WS/48
1,2011,NBA,1,1,CLE,Kyrie Irving,19.096,G,au,Duke University,2012,2018,438,34,22,3.4,5.5,1.3,0.3,0.462,0.493,0.388,0.875,49.3,0.159
2,2012,NBA,1,1,NOH,Anthony Davis,19.114,F-C,us,University of Kentucky,2013,2018,390,34.7,23.2,10.3,1.8,1.3,2.3,0.517,0.53,0.307,0.793,58.9,0.209
3,2013,NBA,1,1,CLE,Anthony Bennett,20.11,F,ca,"University of Nevada, Las Vegas",2014,2017,151,12.6,4.4,3.1,0.5,0.4,0.2,0.392,0.427,0.261,0.67,0.5,0.013
4,2014,NBA,1,1,CLE,Andrew Wiggins,19.128,F-G,ca,University of Kansas,2015,2018,310,36.2,19.8,4.1,2.1,1,0.5,0.448,0.474,0.327,0.744,12,0.051
5,2015,NBA,1,1,MIN,Karl-Anthony Towns,19.227,C-F,us,University of Kentucky,2016,2018,229,34.7,21.4,11.6,2.3,0.7,1.5,0.543,0.576,0.38,0.835,31.9,0.192
6,2016,NBA,1,1,PHI,Ben Simmons,19.343,G-F,au,Louisiana State University,2018,2018,59,34.7,16.6,7.7,7.4,1.8,0.9,0.533,0.54,0,0.571,5.8,0.135
7,2017,NBA,1,1,PHI,Markelle Fultz,19.029,G,us,University of Washington,2018,2018,4,19,6,2.3,1.8,0.5,0.3,0.333,0.333,,0.5,-0.1,-0.085
8,2011,NBA,1,2,MIN,Derrick Williams,20.034,F,us,University of Arizona,2012,2017,426,20.8,8.9,4,0.7,0.5,0.3,0.434,0.484,0.3,0.71,14.1,0.076
9,2012,NBA,1,2,CHA,Michael Kidd-Gilchrist,18.28,F,us,University of Kentucky,2013,2018,337,26.9,9.2,6,1.3,0.7,0.8,0.477,0.481,0.194,0.708,18.4,0.098
10,2013,NBA,1,2,ORL,Victor Oladipo,21.059,G,us,Indiana University,2014,2018,346,33.4,17.2,4.5,3.8,1.6,0.5,0.443,0.481,0.351,0.802,20.1,0.083
11,2014,NBA,1,2,MIL,Jabari Parker,19.108,F,us,Duke University,2015,2018,162,31.3,15.5,5.5,2,1,0.4,0.491,0.51,0.347,0.751,9.4,0.089
12,2015,NBA,1,2,LAL,D'Angelo Russell,19.127,G,us,Ohio State University,2016,2018,172,27.9,14.5,3.5,4.2,1.2,0.2,0.41,0.456,0.342,0.755,1.3,0.013
13,2016,NBA,1,2,LAL,Brandon Ingram,18.299,F,us,Duke University,2017,2018,136,30.9,12.2,4.6,2.8,0.7,0.6,0.437,0.465,0.324,0.659,2.5,0.029
14,2017,NBA,1,2,LAL,Lonzo Ball,19.243,G,us,"University of California, Los Angeles",2018,2018,39,33.3,10.2,7.1,7,1.6,0.8,0.365,0.407,0.324,0.491,1.5,0.056
15,2011,NBA,1,3,UTA,Enes Kanter,19.038,C,ch,,2012,2018,503,21.8,11.6,7.2,0.7,0.4,0.5,0.539,0.545,0.294,0.778,32.8,0.143
16,2012,NBA,1,3,WAS,Bradley Beal,19.005,G,us,University of Florida,2013,2018,386,33.8,18.6,3.7,3.3,1.1,0.3,0.445,0.473,0.394,0.795,27.7,0.102
17,2013,NBA,1,3,WAS,Otto Porter,20.029,F,us,Georgetown University,2014,2018,324,26.2,10.3,4.8,1.3,1.1,0.4,0.485,0.535,0.396,0.791,24.1,0.137
18,2014,NBA,1,3,PHI,Joel Embiid,20.107,C,cm,University of Kansas,2017,2018,80,29.1,22.4,9.9,2.8,0.8,2,0.482,0.521,0.335,0.775,7.1,0.146
19,2015,NBA,1,3,PHI,Jahlil Okafor,19.197,C-F,us,Duke University,2016,2018,127,23.9,13.1,5.4,1.1,0.4,1,0.512,0.515,0.111,0.682,2.9,0.046
20,2016,NBA,1,3,BOS,Jaylen Brown,19.247,F-G,us,University of California,2017,2018,136,23.1,9.8,3.9,1.2,0.7,0.3,0.455,0.509,0.362,0.644,5.2,0.079
21,2017,NBA,1,3,BOS,Jayson Tatum,19.116,F,us,Duke University,2018,2018,63,30.5,13.3,5,1.4,0.9,0.8,0.473,0.49,0.432,0.829,5.6,0.139
22,2011,NBA,1,4,CLE,Tristan Thompson,20.107,F-C,ca,University of Texas at Austin,2012,2018,507,28.1,9.1,8.5,0.8,0.5,0.7,0.518,0.52,0,0.609,37,0.125
23,2012,NBA,1,4,CLE,Dion Waiters,20.206,G,us,Syracuse University,2013,2018,365,28.7,13.3,2.7,2.8,1,0.3,0.412,0.441,0.341,0.701,7.5,0.034
24,2013,NBA,1,4,CHA,Cody Zeller,20.27,C-F,us,Indiana University,2014,2018,309,22.6,7.9,5.6,1.3,0.7,0.8,0.501,0.503,0.25,0.731,20,0.137
25,2014,NBA,1,4,ORL,Aaron Gordon,18.288,F,us,University of Arizona,2015,2018,248,25.8,11.1,5.8,1.7,0.7,0.6,0.455,0.521,0.309,0.701,12.5,0.094
26,2015,NBA,1,4,NYK,Kristaps Porzingis,19.332,F-C,lv,,2016,2018,186,31,17.8,7.1,1.3,0.7,2,0.437,0.468,0.36,0.804,12.4,0.103
27,2016,NBA,1,4,PHO,Dragan Bender,18.223,F,ba,,2017,2018,106,19.5,5,3.3,1,0.3,0.6,0.378,0.434,0.347,0.644,-0.3,-0.006
28,2017,NBA,1,4,PHO,Josh Jackson,20.137,F-G,us,University of Kansas,2018,2018,61,23.8,11.7,4.3,1.3,0.9,0.5,0.411,0.46,0.266,0.624,-0.5,-0.018
29,2011,NBA,1,5,TOR,Jonas Valanciunas,19.052,C,lt,,2013,2018,419,25.6,11.5,8.5,0.7,0.4,1,0.557,0.559,0.44,0.785,38.8,0.174
30,2012,NBA,1,5,SAC,Thomas Robinson,21.109,F,us,University of Kansas,2013,2017,313,13.4,4.9,4.8,0.6,0.5,0.4,0.47,0.472,0,0.505,4.6,0.053
31,2013,NBA,1,5,PHO,Alex Len,20.016,C,ua,University of Maryland,2014,2018,319,19.9,7.1,6.5,0.8,0.4,1,0.481,0.484,0.227,0.713,11.4,0.086
32,2014,NBA,1,5,UTA,Dante Exum,18.353,G,au,,2015,2017,148,20.6,5.4,1.8,2.1,0.4,0.2,0.385,0.473,0.308,0.743,1.1,0.017
33,2015,NBA,1,5,ORL,Mario Hezonja,20.125,F-G,hr,,2016,2018,198,17.4,6.5,2.6,1.2,0.6,0.2,0.422,0.487,0.338,0.84,1.9,0.026
34,2016,NBA,1,5,MIN,Kris Dunn,22.103,G,us,Providence College,2017,2018,123,21.6,7.3,3,3.7,1.4,0.5,0.408,0.435,0.301,0.671,0.5,0.01
35,2017,NBA,1,5,SAC,De'Aaron Fox,19.189,G,us,University of Kentucky,2018,2018,54,27.5,11.5,2.6,4.3,1,0.3,0.415,0.431,0.343,0.736,-0.5,-0.018
36,2011,NBA,1,6,WAS,Jan Vesely,21.065,F,cz,,2012,2014,162,15.2,3.6,3.5,0.6,0.7,0.5,0.521,0.523,0,0.408,4,0.078
37,2012,NBA,1,6,POR,Damian Lillard,21.354,G,us,Weber State University,2013,2018,451,36.4,22.9,4.1,6.2,0.9,0.3,0.433,0.477,0.369,0.882,54.5,0.159
38,2013,NBA,1,6,NOH,Nerlens Noel,19.083,C-F,us,University of Kentucky,2015,2018,212,26.2,9.5,7.2,1.4,1.5,1.4,0.512,0.512,0.333,0.625,11.5,0.099
39,2014,NBA,1,6,BOS,Marcus Smart,20.117,G,us,Oklahoma State University,2015,2018,257,28.7,9.4,3.7,3.9,1.5,0.4,0.36,0.422,0.293,0.756,10.6,0.069
40,2015,NBA,1,6,SAC,Willie Cauley-Stein,21.316,F-C,us,University of Kentucky,2016,2018,198,22.3,9.1,5.5,1.2,0.8,0.8,0.524,0.528,0.133,0.64,9.3,0.102
41,2016,NBA,1,6,NOP,Buddy Hield,22.194,G,bs,University of Oklahoma,2017,2018,142,23.5,11.5,3.4,1.5,0.7,0.2,0.432,0.455,0.406,0.86,2.9,0.041
42,2017,NBA,1,6,ORL,Jonathan Isaac,19.267,F,us,Florida State University,2018,2018,15,19,5.3,3.7,0.7,0.7,1,0.405,0.446,0.278,0.778,0.1,0.016
43,2011,NBA,1,7,SAC,Bismack Biyombo,18.303,C-F,cd,,2012,2018,508,21.1,5,6.5,0.5,0.3,1.5,0.514,0.514,0,0.565,20.2,0.09
44,2012,NBA,1,7,GSW,Harrison Barnes,20.034,F,us,University of North Carolina,2013,2018,446,30.2,12.8,4.9,1.5,0.7,0.2,0.452,0.482,0.366,0.787,25.4,0.09
45,2013,NBA,1,7,SAC,Ben McLemore,20.141,G,us,University of Kansas,2014,2018,331,24.5,9,2.5,1.2,0.7,0.2,0.415,0.467,0.349,0.785,4,0.023
46,2014,NBA,1,7,LAL,Julius Randle,19.214,F-C,us,University of Kentucky,2015,2018,217,27.5,12.9,8.9,2.6,0.6,0.5,0.487,0.502,0.257,0.71,9.5,0.076
47,2015,NBA,1,7,DEN,Emmanuel Mudiay,19.116,G,cd,,2016,2018,171,25.6,11.1,3.1,4.3,0.8,0.3,0.376,0.397,0.323,0.731,-1.5,-0.016
48,2016,NBA,1,7,DEN,Jamal Murray,19.125,G,ca,University of Kentucky,2017,2018,142,25.3,12.6,3,2.5,0.7,0.3,0.435,0.494,0.358,0.903,5.4,0.072
49,2017,NBA,1,7,MIN,Lauri Markkanen,20.036,F-C,fi,University of Arizona,2018,2018,55,30.4,14.8,7.6,1.2,0.5,0.6,0.424,0.495,0.345,0.854,2.3,0.067
50,2011,NBA,1,8,DET,Brandon Knight,19.208,G,us,University of Kentucky,2012,2017,382,31.3,15.2,3.3,4.3,0.9,0.2,0.415,0.445,0.357,0.812,11.6,0.047
51,2012,NBA,1,8,TOR,Terrence Ross,21.149,F-G,us,University of Washington,2013,2018,409,23.9,9.6,2.6,1,0.8,0.3,0.422,0.476,0.371,0.797,15,0.074
52,2013,NBA,1,8,DET,Kentavious Caldwell-Pope,20.134,G,us,University of Georgia,2014,2018,367,30.6,11.9,3.3,1.7,1.2,0.2,0.409,0.462,0.341,0.778,18.4,0.078
53,2014,NBA,1,8,SAC,Nik Stauskas,20.267,G,ca,University of Michigan,2015,2018,259,21.4,7.1,2.1,1.6,0.4,0.3,0.386,0.435,0.349,0.807,2.7,0.023
54,2015,NBA,1,8,DET,Stanley Johnson,19.031,F,us,University of Arizona,2016,2018,200,22.3,6.9,3.4,1.5,0.9,0.2,0.371,0.418,0.297,0.768,2.5,0.027
55,2016,NBA,1,8,SAC,Marquese Chriss,18.361,F,us,University of Washington,2017,2018,137,20.9,8.2,4.6,0.9,0.8,0.9,0.431,0.506,0.31,0.607,2,0.033
56,2017,NBA,1,8,NYK,Frank Ntilikina,18.334,G,be,,2018,2018,59,20.5,5.4,2.2,3.1,0.9,0.2,0.36,0.376,0.324,0.698,-0.8,-0.031
57,2011,NBA,1,9,CHA,Kemba Walker,21.051,G,us,University of Connecticut,2012,2018,503,34,18.9,3.8,5.4,1.3,0.4,0.414,0.443,0.358,0.831,39.8,0.112
58,2012,NBA,1,9,DET,Andre Drummond,18.327,C,us,University of Connecticut,2013,2018,444,30.2,13.5,13.2,1.1,1.3,1.5,0.546,0.548,0.192,0.415,44.2,0.158
59,2013,NBA,1,9,MIN,Trey Burke,20.232,G,us,University of Michigan,2014,2018,283,24.3,10.6,2.1,3.6,0.6,0.1,0.397,0.432,0.338,0.807,7.1,0.049
60,2014,NBA,1,9,CHH,Noah Vonleh,18.311,F,us,Indiana University,2015,2018,215,15.1,3.9,4.5,0.4,0.3,0.3,0.453,0.474,0.304,0.683,4.8,0.071
61,2015,NBA,1,9,CHO,Frank Kaminsky,22.087,F-C,us,University of Wisconsin,2016,2018,215,23.4,9.8,4.1,1.7,0.5,0.4,0.407,0.456,0.339,0.751,8.1,0.078
62,2016,NBA,1,9,TOR,Jakob Poeltl,20.257,C,at,University of Utah,2017,2018,114,15.2,5.1,3.9,0.4,0.4,0.9,0.631,0.631,0.5,0.576,5.8,0.16
63,2017,NBA,1,9,DAL,Dennis Smith,19.214,G,us,North Carolina State University,2018,2018,54,29.4,14.6,3.9,4.8,1,0.2,0.388,0.431,0.306,0.69,-1,-0.03
64,2011,NBA,1,10,MIL,Jimmer Fredette,22.123,G,us,Brigham Young University,2012,2016,235,13.4,6,1,1.4,0.4,0,0.412,0.432,0.381,0.876,2.4,0.037
65,2012,NBA,1,10,NOH,Austin Rivers,19.336,G,us,Duke University,2013,2018,387,23.7,9.1,2,2.3,0.7,0.2,0.419,0.451,0.354,0.649,7,0.037
66,2013,NBA,1,10,POR,C.J. McCollum,21.287,G,us,Lehigh University,2014,2018,321,28.7,17,2.9,2.8,0.9,0.3,0.455,0.475,0.414,0.847,20.6,0.107
67,2014,NBA,1,10,PHI,Elfrid Payton,20.129,G,us,University of Louisiana at Lafayette,2015,2018,288,29.7,11.3,4.2,6.4,1.4,0.3,0.46,0.482,0.306,0.619,11.9,0.067
68,2015,NBA,1,10,MIA,Justise Winslow,19.095,F,us,Duke University,2016,2018,144,27.6,7,5.2,2,0.9,0.4,0.402,0.428,0.314,0.665,3.8,0.046
69,2016,NBA,1,10,MIL,Thon Maker,19.123,F-C,ss,,2017,2018,118,14,4.6,2.7,0.5,0.3,0.6,0.436,0.49,0.341,0.685,2.9,0.085
70,2017,NBA,1,10,SAC,Zach Collins,19.22,C-F,us,Gonzaga University,2018,2018,46,15.2,4,3.3,0.8,0.3,0.5,0.387,0.426,0.319,0.571,0.4,0.027
71,2011,NBA,1,11,GSW,Klay Thompson,21.14,G-F,us,Washington State University,2012,2018,525,32.9,19.2,3.4,2.3,0.9,0.5,0.458,0.486,0.422,0.852,41.2,0.115
72,2012,NBA,1,11,POR,Meyers Leonard,20.127,C-F,us,University of Illinois at Urbana-Champaign,2013,2018,322,16,5.6,3.8,0.8,0.2,0.3,0.467,0.526,0.376,0.824,10.2,0.095
73,2013,NBA,1,11,PHI,Michael Carter-Williams,21.266,G,us,Syracuse University,2014,2018,285,27.6,11.5,4.7,4.9,1.4,0.6,0.403,0.435,0.25,0.707,4.6,0.028
74,2014,NBA,1,11,DEN,Doug McDermott,22.18,F,us,Creighton University,2015,2018,245,20.5,7.8,2.3,0.8,0.2,0.1,0.45,0.487,0.397,0.815,7.4,0.071
75,2015,NBA,1,11,IND,Myles Turner,19.097,C-F,us,University of Texas at Austin,2016,2018,186,27.8,12.9,6.6,1.1,0.7,1.9,0.503,0.526,0.35,0.779,14.7,0.136
76,2016,NBA,1,11,ORL,Domantas Sabonis,20.056,F-C,us,Gonzaga University,2017,2018,140,22.4,8.6,5.5,1.5,0.5,0.4,0.467,0.5,0.323,0.713,4.8,0.074
77,2017,NBA,1,11,CHO,Malik Monk,19.143,G,us,University of Kentucky,2018,2018,45,11.4,4.5,0.8,1.1,0.2,0.1,0.323,0.316,0.328,0.706,-0.4,-0.034
78,2011,NBA,1,12,UTA,Alec Burks,19.343,G,us,University of Colorado,2012,2018,356,21.3,9.8,3,1.7,0.6,0.2,0.426,0.447,0.353,0.764,11.2,0.071
79,2012,NBA,1,12,HOU,Jeremy Lamb,20.034,G-F,us,University of Connecticut,2013,2018,337,18.4,9,3.2,1.4,0.6,0.3,0.442,0.502,0.332,0.835,14.5,0.112
80,2013,NBA,1,12,OKC,Steven Adams,19.347,C,nz,University of Pittsburgh,2014,2018,369,25.1,8.5,6.9,0.9,0.8,1,0.584,0.585,0,0.571,27.7,0.144
81,2014,NBA,1,12,ORL,Dario Saric,20.084,F,hr,,2017,2018,140,28.2,13.6,6.6,2.4,0.7,0.3,0.425,0.478,0.344,0.827,5.9,0.072
82,2015,NBA,1,12,UTA,Trey Lyles,19.237,F,ca,University of Kentucky,2016,2018,207,17.8,7.4,4,1,0.4,0.3,0.433,0.478,0.362,0.698,6.5,0.085
83,2016,NBA,1,12,UTA,Taurean Prince,22.099,F,us,Baylor University,2017,2018,121,23.4,9.2,3.7,1.6,0.9,0.5,0.41,0.449,0.358,0.807,2,0.033
84,2017,NBA,1,12,DET,Luke Kennard,21.003,G,us,Duke University,2018,2018,54,18,6.4,2,1.4,0.6,0.1,0.43,0.443,0.413,0.85,1.3,0.065
85,2011,NBA,1,13,PHO,Markieff Morris,21.299,F,us,University of Kansas,2012,2018,501,26.4,11.8,5.6,1.7,0.9,0.6,0.45,0.479,0.337,0.779,21.3,0.077
86,2012,NBA,1,13,PHO,Kendall Marshall,20.319,G,us,University of North Carolina,2013,2016,160,19.3,5,1.6,4.9,0.7,0.1,0.399,0.422,0.37,0.611,1,0.015
87,2013,NBA,1,13,DAL,Kelly Olynyk,22.075,C-F,ca,Gonzaga University,2014,2018,334,21.1,9.7,4.8,1.8,0.7,0.5,0.479,0.539,0.365,0.745,17.8,0.121
88,2014,NBA,1,13,MIN,Zach LaVine,19.113,G,us,"University of California, Los Angeles",2015,2018,223,28.7,14,3,3.2,0.8,0.2,0.441,0.472,0.38,0.818,5.4,0.04
89,2015,NBA,1,13,PHO,Devin Booker,18.242,G,us,University of Kentucky,2016,2018,202,32.1,19.7,3.3,3.4,0.8,0.3,0.425,0.455,0.362,0.85,6.5,0.048
90,2016,NBA,1,13,PHO,Georgios Papagiannis,18.36,C,gr,,2017,2018,38,12.4,4.2,3.2,0.8,0.1,0.6,0.51,0.518,0,0.857,0.4,0.037
91,2017,NBA,1,13,DEN,Donovan Mitchell,20.293,G,us,University of Louisville,2018,2018,58,32.4,19.6,3.5,3.5,1.5,0.4,0.437,0.494,0.352,0.835,3.2,0.081
92,2011,NBA,1,14,HOU,Marcus Morris,21.299,F,us,University of Kansas,2012,2018,455,26.1,11,4.4,1.5,0.7,0.3,0.427,0.47,0.355,0.726,21.1,0.085
93,2012,NBA,1,14,MIL,John Henson,21.188,C-F,us,University of North Carolina,2013,2018,371,20,7.9,5.4,1.1,0.4,1.5,0.542,0.544,0,0.575,17.6,0.114
94,2013,NBA,1,14,UTA,Shabazz Muhammad,20.231,F-G,us,"University of California, Los Angeles",2014,2018,267,17.4,9,2.8,0.5,0.3,0.1,0.47,0.507,0.317,0.747,7.8,0.08
95,2014,NBA,1,14,PHO,T.J. Warren,20.299,F,us,North Carolina State University,2015,2018,212,26.7,13.5,4.1,1.1,0.9,0.5,0.5,0.527,0.281,0.752,10.9,0.092
96,2015,NBA,1,14,OKC,Cameron Payne,20.326,G,us,Murray State University,2016,2018,92,13.4,5.1,1.5,2,0.6,0.2,0.378,0.427,0.31,0.75,1.1,0.041
97,2016,NBA,1,14,CHI,Denzel Valentine,22.225,G,us,Michigan State University,2017,2018,118,22.6,7.6,4.1,2.2,0.6,0.1,0.392,0.429,0.366,0.81,2.7,0.049
98,2017,NBA,1,14,MIA,Bam Adebayo,19.344,C-F,us,University of Kentucky,2018,2018,53,20.5,7.4,5.5,1.6,0.5,0.7,0.555,0.568,0,0.73,4,0.176
99,2011,NBA,1,15,IND,Kawhi Leonard,19.364,F,us,San Diego State University,2012,2018,407,30.4,16.3,6.2,2.3,1.8,0.7,0.495,0.537,0.386,0.846,56.3,0.219
100,2012,NBA,1,15,PHI,Maurice Harkless,19.053,F-G,us,St. John's University,2013,2018,407,22.9,7.2,3.6,0.9,1,0.6,0.471,0.536,0.321,0.604,14.6,0.075
101,2013,NBA,1,15,MIL,Giannis Antetokounmpo,18.208,F-G,gr,,2014,2018,375,32.6,16.8,7.4,3.8,1.2,1.3,0.506,0.537,0.279,0.744,36.8,0.144
102,2014,NBA,1,15,ATL,Adreian Payne,23.133,F-C,us,Michigan State University,2015,2018,107,13.1,4,2.9,0.6,0.4,0.3,0.406,0.43,0.254,0.68,-0.6,-0.019
103,2015,NBA,1,15,ATL,Kelly Oubre,19.203,F,us,University of Kansas,2016,2018,204,19.6,7.3,3.3,0.6,0.7,0.2,0.421,0.49,0.331,0.782,5.9,0.07
104,2016,NBA,1,15,DEN,Juan Hernangomez,20.274,F,es,,2017,2018,83,13,4.5,2.8,0.5,0.4,0.2,0.437,0.508,0.375,0.759,2.2,0.097
105,2017,NBA,1,15,POR,Justin Jackson,22.092,G-F,us,University of North Carolina,2018,2018,48,20,5.9,2.5,0.9,0.5,0.2,0.431,0.522,0.304,0.68,0.3,0.013
106,2011,NBA,1,16,PHI,Nikola Vucevic,20.247,C,ch,University of Southern California,2012,2018,437,29.9,14.8,9.8,2.1,0.8,0.9,0.502,0.51,0.328,0.725,30.9,0.114
107,2012,NBA,1,16,HOU,Royce White,21.085,F,us,Iowa State University,2014,2014,3,3,0,0,0,0,0,0,0,,,0,-0.121
108,2013,NBA,1,16,BOS,Lucas Nogueira,20.341,C,br,,2015,2018,127,13,3.3,2.9,0.5,0.7,1,0.629,0.676,0.258,0.654,5.6,0.163
109,2014,NBA,1,16,CHI,Jusuf Nurkic,19.312,C,ba,,2015,2018,218,21.1,10,6.9,1.5,0.8,1.2,0.475,0.478,0,0.621,6.7,0.07
110,2015,NBA,1,16,BOS,Terry Rozier,21.105,G,us,University of Louisville,2016,2018,176,17.6,6.4,3.2,1.8,0.6,0.1,0.375,0.396,0.348,0.773,5.4,0.083
111,2016,NBA,1,16,BOS,Guerschon Yabusele,20.194,F,fr,,2018,2018,22,5,1.8,1.4,0.3,0,0,0.406,0.5,0.364,0.556,0.3,0.116
112,2017,NBA,1,16,CHI,Justin Patton,20.013,C,us,Creighton University,,,,,,,,,,,,,,,
113,2011,NBA,1,17,NYK,Iman Shumpert,21.002,G,us,Georgia Institute of Technology,2012,2018,384,25.4,7.3,3.4,1.9,1.2,0.2,0.396,0.441,0.338,0.763,11.5,0.057
114,2012,NBA,1,17,DAL,Tyler Zeller,22.168,F-C,us,University of North Carolina,2013,2018,390,17.6,7,4.4,0.9,0.2,0.6,0.506,0.51,0.294,0.76,15.7,0.11
115,2013,NBA,1,17,ATL,Dennis Schroder,19.29,G,de,,2014,2018,343,23.5,12.7,2.5,4.7,0.8,0.1,0.433,0.47,0.32,0.831,10.1,0.06
116,2014,NBA,1,17,BOS,James Young,18.319,G-F,us,University of Kentucky,2015,2018,94,8.5,2.3,1,0.3,0.3,0.1,0.365,0.535,0.277,0.563,0.8,0.048
117,2015,NBA,1,17,MIL,Rashad Vaughn,18.317,G,us,"University of Nevada, Las Vegas",2016,2018,138,12,3.1,1.1,0.5,0.4,0.2,0.338,0.366,0.314,0.692,-0.5,-0.015
118,2016,NBA,1,17,MEM,Wade Baldwin,20.091,G,us,Vanderbilt University,2017,2017,33,12.3,3.2,1.4,1.8,0.5,0.2,0.313,0.355,0.136,0.838,-0.3,-0.041
119,2017,NBA,1,17,MIL,D.J. Wilson,21.129,F,us,University of Michigan,2018,2018,20,3.4,1,0.5,0.2,0.1,0.1,0.571,0.667,0.4,0.5,0.1,0.044
120,2011,NBA,1,18,WAS,Chris Singleton,21.219,F,us,Florida State University,2012,2014,148,17.6,4.1,3.2,0.6,0.8,0.4,0.376,0.4,0.319,0.633,2.3,0.042
121,2012,NBA,1,18,HOU,Terrence Jones,20.176,F,us,University of Kentucky,2013,2017,232,24,10.5,5.7,1,0.6,1.2,0.501,0.539,0.299,0.622,14.8,0.128
122,2013,NBA,1,18,ATL,Shane Larkin,20.273,G,us,University of Miami,2014,2018,242,18.8,5.4,1.8,2.8,0.9,0.1,0.425,0.459,0.33,0.772,3.6,0.038
123,2014,NBA,1,18,PHO,Tyler Ennis,19.311,G,ca,Syracuse University,2015,2018,169,12,3.9,1.2,1.9,0.5,0.1,0.41,0.447,0.314,0.762,0.7,0.016
124,2015,NBA,1,18,HOU,Sam Dekker,21.055,F,us,University of Wisconsin,2016,2018,135,15.9,5.5,3.1,0.8,0.4,0.2,0.469,0.585,0.282,0.607,3.9,0.087
125,2016,NBA,1,18,DET,Henry Ellenson,19.166,F,us,Marquette University,2017,2018,44,7,2.8,1.9,0.4,0.1,0,0.353,0.4,0.297,0.5,-0.4,-0.061
126,2017,NBA,1,18,IND,T.J. Leaf,20.058,F,il,"University of California, Los Angeles",2018,2018,43,9.3,3.1,1.6,0.2,0.1,0.1,0.47,0.468,0.472,0.667,0.7,0.081
127,2011,NBA,1,19,CHA,Tobias Harris,18.347,F,us,University of Tennessee,2012,2018,442,29.4,14.4,5.6,1.7,0.7,0.5,0.466,0.509,0.351,0.811,30.6,0.113
128,2012,NBA,1,19,ORL,Andrew Nicholson,22.208,F,ca,St. Bonaventure University,2013,2017,285,14.3,6,3,0.4,0.3,0.3,0.467,0.498,0.321,0.773,3.8,0.045
129,2013,NBA,1,19,CLE,Sergey Karasev,19.249,G-F,ru,,2014,2016,95,11.7,3,1.5,0.9,0.3,0,0.395,0.489,0.282,0.842,0.8,0.036
130,2014,NBA,1,19,CHI,Gary Harris,19.29,G,us,Michigan State University,2015,2018,245,28.3,12.1,2.5,2.1,1.3,0.2,0.467,0.536,0.37,0.796,12.8,0.089
131,2015,NBA,1,19,WAS,Jerian Grant,22.264,G,us,University of Notre Dame,2016,2018,197,18.5,6.5,2.1,3,0.7,0.1,0.414,0.466,0.317,0.791,6.3,0.083
132,2016,NBA,1,19,DEN,Malik Beasley,19.214,G,us,Florida State University,2017,2018,74,9.3,3.4,1.1,0.5,0.3,0.1,0.416,0.496,0.306,0.694,0.4,0.026
133,2017,NBA,1,19,ATL,John Collins,19.277,F,us,Wake Forest University,2018,2018,56,22.6,10.2,7.1,1,0.6,1.2,0.581,0.595,0.316,0.732,4.2,0.161
134,2011,NBA,1,20,MIN,Donatas Motiejunas,20.281,F-C,lt,,2013,2017,248,18.4,7.4,3.8,1.1,0.5,0.3,0.469,0.529,0.3,0.6,7.2,0.076
135,2012,NBA,1,20,DEN,Evan Fournier,19.247,G-F,fr,,2013,2018,372,27.2,13.1,2.7,2.3,0.8,0.1,0.448,0.494,0.381,0.805,15.9,0.075
136,2013,NBA,1,20,CHI,Tony Snell,21.235,G-F,us,University of New Mexico,2014,2018,348,22.6,6.3,2.5,1,0.5,0.2,0.42,0.473,0.379,0.808,9.8,0.06
137,2014,NBA,1,20,TOR,Bruno Caboclo,18.283,F,br,,2015,2018,26,5.1,1.2,0.7,0.3,0.2,0.1,0.265,0.286,0.238,,-0.4,-0.141
138,2015,NBA,1,20,TOR,Delon Wright,23.065,G,us,University of Utah,2016,2018,102,16.5,6.4,2.2,2.2,0.8,0.4,0.455,0.493,0.363,0.81,4.8,0.138
139,2016,NBA,1,20,IND,Caris LeVert,21.308,G-F,us,University of Michigan,2017,2018,110,23.7,9.8,3.5,2.9,1,0.2,0.437,0.51,0.326,0.706,3,0.055
140,2017,NBA,1,20,POR,Harry Giles,19.066,F-C,us,Duke University,,,,,,,,,,,,,,,
141,2011,NBA,1,21,POR,Nolan Smith,22.338,G,us,Duke University,2012,2013,84,9.9,3.3,1,1.2,0.3,0,0.371,0.407,0.26,0.714,-0.8,-0.047
142,2012,NBA,1,21,BOS,Jared Sullinger,20.121,F,us,Ohio State University,2013,2017,269,24.3,10.8,7.5,1.8,0.7,0.6,0.436,0.476,0.272,0.723,15.3,0.113
143,2013,NBA,1,21,UTA,Gorgui Dieng,23.166,C,sn,University of Louisville,2014,2018,359,25,8.4,6.8,1.5,0.9,1.1,0.508,0.518,0.316,0.785,21.1,0.113
144,2014,NBA,1,21,OKC,Mitch McGary,22.025,F-C,us,University of Michigan,2015,2016,52,10.7,4.4,3.5,0.3,0.3,0.3,0.527,0.544,0,0.58,1.3,0.108
145,2015,NBA,1,21,DAL,Justin Anderson,21.223,G,us,University of Virginia,2016,2018,156,14.4,5.8,2.8,0.7,0.5,0.3,0.423,0.526,0.3,0.78,3.9,0.084
146,2016,NBA,1,21,ATL,DeAndre Bembry,21.36,F,us,Saint Joseph's University,2017,2018,59,12.5,3.5,1.9,1,0.4,0.3,0.437,0.497,0.214,0.512,-0.2,-0.014
147,2017,NBA,1,21,OKC,Terrance Ferguson,19.041,G-F,us,,2018,2018,47,12.3,2.9,0.8,0.3,0.4,0.1,0.402,0.619,0.3,0.833,0.8,0.064
148,2011,NBA,1,22,DEN,Kenneth Faried,21.221,F,us,Morehead State University,2012,2018,441,24.9,11.4,8.2,1,0.8,0.8,0.543,0.546,0.1,0.655,35.9,0.157
149,2012,NBA,1,22,BOS,Fab Melo,22.014,C,br,Syracuse University,2013,2013,6,6,1.2,0.5,0,0.3,0.3,0.5,0.5,,0.25,0,0.021
150,2013,NBA,1,22,BRK,Mason Plumlee,23.12,C-F,us,Duke University,2014,2018,368,22.7,8.8,6.4,2,0.8,1,0.562,0.566,0,0.565,23.9,0.137
151,2014,NBA,1,22,MEM,Jordan Adams,19.358,G,us,"University of California, Los Angeles",2015,2016,32,8.2,3.2,0.9,0.6,0.6,0.2,0.402,0.409,0.385,0.607,0.4,0.07
152,2015,NBA,1,22,CHI,Bobby Portis,20.14,F,us,University of Arkansas,2016,2018,178,18,8.7,5.5,1,0.4,0.3,0.462,0.497,0.337,0.743,6.7,0.101
153,2016,NBA,1,22,CHO,Malachi Richardson,20.175,G,us,Syracuse University,2017,2018,48,10.9,3.5,1.2,0.5,0.3,0,0.367,0.422,0.294,0.78,0,-0.003
154,2017,NBA,1,22,BRK,Jarrett Allen,19.067,F-C,us,University of Texas at Austin,2018,2018,54,19,8.1,5.3,0.7,0.4,0.9,0.591,0.599,0.333,0.777,3.3,0.153
155,2011,NBA,1,23,HOU,Nikola Mirotic,20.137,F,me,,2015,2018,253,23.4,11.5,5.5,1.3,0.8,0.7,0.416,0.491,0.356,0.798,15.9,0.129
156,2012,NBA,1,23,ATL,John Jenkins,21.12,G,us,Vanderbilt University,2013,2017,145,12.8,5.1,1.5,0.8,0.2,0.1,0.448,0.513,0.364,0.849,2.7,0.071
157,2013,NBA,1,23,IND,Solomon Hill,22.107,F,us,University of Arizona,2014,2017,249,23.5,6.4,3.3,1.6,0.7,0.3,0.4,0.447,0.336,0.822,8.7,0.072
158,2014,NBA,1,23,UTA,Rodney Hood,21.254,G-F,us,Duke University,2015,2018,234,27.7,13.1,3.1,2,0.8,0.2,0.418,0.459,0.37,0.829,12.6,0.093
159,2015,NBA,1,23,POR,Rondae Hollis-Jefferson,20.178,F,us,University of Arizona,2016,2018,156,24,9.8,5.9,2,1,0.6,0.452,0.476,0.246,0.765,6.7,0.086
160,2016,NBA,1,23,BOS,Ante Zizic,19.175,F-C,hr,,2018,2018,16,3,1.1,1.1,0.1,0,0.3,0.462,0.462,,0.714,0.1,0.088
161,2017,NBA,1,23,TOR,OG Anunoby,19.345,F,gb,Indiana University,2018,2018,60,20.5,5.9,2.4,0.8,0.8,0.2,0.453,0.592,0.353,0.686,2.5,0.097
162,2011,NBA,1,24,OKC,Reggie Jackson,21.073,G,it,Boston College,2012,2018,436,24.7,12.4,3,4.4,0.7,0.1,0.432,0.473,0.323,0.858,22.9,0.102
163,2012,NBA,1,24,CLE,Jared Cunningham,21.043,G,us,Oregon State University,2013,2016,84,7.2,2.3,0.7,0.5,0.3,0,0.347,0.369,0.306,0.674,0.2,0.017
164,2013,NBA,1,24,NYK,Tim Hardaway,21.108,G,us,University of Michigan,2014,2018,321,24.5,11.7,2.3,1.7,0.6,0.2,0.424,0.5,0.346,0.801,12.5,0.076
165,2014,NBA,1,24,CHH,Shabazz Napier,22.353,G,us,University of Connecticut,2015,2018,214,15.4,5.6,1.6,1.9,0.8,0.1,0.399,0.428,0.366,0.795,4,0.059
166,2015,NBA,1,24,CLE,Tyus Jones,19.05,G,us,Duke University,2016,2018,162,15.5,4.2,1.4,2.7,1,0.1,0.419,0.466,0.341,0.803,4.7,0.089
167,2016,NBA,1,24,PHI,Timothe Luwawu,21.051,F,fr,,2017,2018,117,16.9,6.3,1.9,1.1,0.4,0.1,0.388,0.458,0.321,0.834,1.5,0.036
168,2017,NBA,1,24,UTA,Tyler Lydon,21.079,F,us,Syracuse University,2018,2018,1,2,0,0,0,0,0,,,,,0,-0.011
169,2011,NBA,1,25,BOS,MarShon Brooks,22.153,G-F,us,Providence College,2012,2014,164,17.5,7.7,2.2,1.4,0.6,0.2,0.442,0.472,0.326,0.748,2.5,0.041
170,2012,NBA,1,25,MEM,Tony Wroten,19.081,G,us,University of Washington,2013,2016,145,21.2,11.1,2.5,3,0.9,0.2,0.413,0.477,0.231,0.647,-1.3,-0.021
171,2013,NBA,1,25,LAC,Reggie Bullock,22.109,G-F,us,University of North Carolina,2014,2018,193,14.7,4.7,1.8,0.7,0.4,0.1,0.441,0.504,0.392,0.77,5.4,0.091
172,2014,NBA,1,25,HOU,Clint Capela,20.044,C,ch,,2015,2018,209,22.1,10.5,8,0.8,0.7,1.3,0.629,0.629,0,0.488,18.2,0.19
173,2015,NBA,1,25,MEM,Jarell Martin,21.037,F,us,Louisiana State University,2016,2018,126,16.9,5.5,3.7,0.6,0.5,0.4,0.434,0.447,0.363,0.78,2.6,0.059
174,2016,NBA,1,25,LAC,Brice Johnson,22.002,F,us,University of North Carolina,2017,2018,14,3.9,1.7,1.4,0.1,0.6,0.2,0.5,0.524,0,1,0.1,0.123
175,2017,NBA,1,25,ORL,Anzejs Pasecniks,21.19,C,lv,,,,,,,,,,,,,,,,
176,2011,NBA,1,26,DAL,Jordan Hamilton,20.265,G-F,us,University of Texas at Austin,2012,2016,151,13.9,5.9,2.8,0.8,0.5,0.2,0.408,0.451,0.357,0.67,3,0.069
177,2012,NBA,1,26,IND,Miles Plumlee,23.306,C-F,us,Duke University,2013,2018,314,16.7,5,4.6,0.5,0.5,0.8,0.538,0.538,,0.548,10,0.091
178,2013,NBA,1,26,MIN,Andre Roberson,21.211,G-F,us,University of Colorado,2014,2018,295,22.5,4.6,4,0.9,0.9,0.7,0.482,0.609,0.257,0.467,12.8,0.092
179,2014,NBA,1,26,MIA,P.J. Hairston,21.189,G-F,us,University of North Carolina,2015,2016,111,18,6,2.4,0.5,0.5,0.2,0.343,0.414,0.295,0.81,0.9,0.021
180,2015,NBA,1,26,SAS,Nikola Milutinov,20.182,C,rs,,,,,,,,,,,,,,,,
181,2016,NBA,1,26,PHI,Furkan Korkmaz,18.339,G,tr,,2018,2018,6,5.3,1.5,1,0.3,0.2,0,0.25,0.5,0.125,1,0,-0.019
182,2017,NBA,1,26,POR,Caleb Swanigan,20.07,F,us,Purdue University,2018,2018,18,7.9,2.3,2.1,0.5,0.3,0.2,0.356,0.385,0.167,0.615,-0.1,-0.022
183,2011,NBA,1,27,NJN,JaJuan Johnson,22.14,F,us,Purdue University,2012,2012,36,8.3,3.2,1.6,0.2,0.1,0.4,0.446,0.446,,0.667,0.2,0.032
184,2012,NBA,1,27,MIA,Arnett Moultrie,21.228,F,us,Mississippi State University,2013,2014,59,12.4,3.6,3.1,0.2,0.4,0.2,0.547,0.547,,0.667,1.7,0.113
185,2013,NBA,1,27,DEN,Rudy Gobert,21.006,C,fr,,2014,2018,304,27.5,9.6,9.8,1.2,0.6,2.2,0.609,0.61,0,0.623,34.7,0.199
186,2014,NBA,1,27,PHO,Bogdan Bogdanovic,21.317,G,rs,,2018,2018,59,27.6,11.7,2.8,3.3,1,0.3,0.461,0.506,0.399,0.854,2.2,0.064
187,2015,NBA,1,27,LAL,Larry Nance Jr.,22.18,F-C,us,University of Wyoming,2016,2018,175,21.6,7,5.8,1.2,1.2,0.5,0.55,0.567,0.235,0.684,10.2,0.13
188,2016,NBA,1,27,TOR,Pascal Siakam,22.145,F,cm,New Mexico State University,2017,2018,114,18,5.7,4,1.1,0.7,0.7,0.504,0.586,0.184,0.634,5,0.118
189,2017,NBA,1,27,BRK,Kyle Kuzma,21.339,F,us,University of Utah,2018,2018,60,29.3,15.4,5.9,1.8,0.6,0.5,0.448,0.505,0.364,0.702,2.8,0.077
190,2011,NBA,1,28,CHI,Norris Cole,22.258,G,us,Cleveland State University,2012,2017,360,22.3,7,2,2.7,0.8,0.1,0.407,0.436,0.324,0.743,3,0.018
191,2012,NBA,1,28,OKC,Perry Jones,20.283,F,us,Baylor University,2013,2015,143,11.7,3.4,1.8,0.4,0.3,0.2,0.42,0.466,0.293,0.66,1.7,0.048
192,2013,NBA,1,28,SAS,Livio Jean-Charles,19.236,F,gf,,,,,,,,,,,,,,,,
193,2014,NBA,1,28,LAC,C.J. Wilcox,23.184,G,us,University of Washington,2015,2017,66,5.7,2,0.5,0.5,0.2,0.1,0.37,0.397,0.333,0.813,0.1,0.007
194,2015,NBA,1,28,BOS,R.J. Hunter,21.249,G,us,Georgia State University,2016,2018,41,8,2.4,1,0.4,0.3,0.1,0.364,0.486,0.297,0.857,0.3,0.044
195,2016,NBA,1,28,PHO,Skal Labissiere,20.102,F,ht,University of Kentucky,2017,2018,80,18.8,8.4,4.6,0.9,0.5,0.6,0.494,0.505,0.333,0.735,2.4,0.077
196,2017,NBA,1,28,LAL,Tony Bradley,19.17,F-C,us,University of North Carolina,2018,2018,8,3.5,1,1.4,0.1,0,0,0.273,0.3,0,1,0,0.019
197,2011,NBA,1,29,SAS,Cory Joseph,19.312,G,ca,University of Texas at Austin,2012,2018,425,20.5,6.9,2.4,2.6,0.7,0.2,0.452,0.483,0.329,0.764,17.5,0.096
198,2012,NBA,1,29,CHI,Marquis Teague,19.125,G,us,University of Kentucky,2013,2014,88,9.5,2.3,1,1.4,0.2,0.1,0.349,0.377,0.22,0.686,-0.8,-0.046
199,2013,NBA,1,29,OKC,Archie Goodwin,18.319,G,us,University of Kentucky,2014,2017,165,14.5,6.3,2,1.2,0.4,0.2,0.429,0.484,0.236,0.7,1.1,0.022
200,2014,NBA,1,29,OKC,Josh Huestis,22.195,F,us,Stanford University,2016,2018,64,14.6,2.5,2.4,0.3,0.2,0.7,0.358,0.429,0.311,0.182,0.6,0.032
201,2015,NBA,1,29,BRK,Chris McCullough,20.145,F,us,Syracuse University,2016,2018,59,9,3.3,1.9,0.3,0.5,0.3,0.426,0.47,0.306,0.548,0.6,0.055
202,2016,NBA,1,29,SAS,Dejounte Murray,19.282,G,us,University of Washington,2017,2018,99,15.5,5.9,3.7,2.3,0.7,0.3,0.438,0.447,0.326,0.715,2,0.064
203,2017,NBA,1,29,SAS,Derrick White,22.361,G,us,University of Colorado,2018,2018,16,7.5,2.5,1.4,0.5,0.3,0.1,0.48,0.471,0.5,0.667,0.3,0.136
204,2011,NBA,1,30,CHI,Jimmy Butler,21.287,F-G,us,Marquette University,2012,2018,455,32.9,16.4,4.9,3.4,1.5,0.5,0.452,0.484,0.34,0.834,57.9,0.186
205,2012,NBA,1,30,GSW,Festus Ezeli,22.256,C,ng,Vanderbilt University,2013,2016,170,14.1,4.2,4.3,0.4,0.3,1,0.513,0.513,,0.557,5.9,0.119
206,2013,NBA,1,30,PHO,Nemanja Nedovic,22.017,G,rs,,2014,2014,24,5.9,1.1,0.6,0.5,0,0,0.205,0.238,0.167,0.875,-0.4,-0.132
207,2014,NBA,1,30,SAS,Kyle Anderson,20.284,F-G,us,"University of California, Los Angeles",2015,2018,237,17.3,4.7,3.5,1.6,0.8,0.5,0.469,0.491,0.328,0.748,10.9,0.127
208,2015,NBA,1,30,GSW,Kevon Looney,19.144,F-C,us,"University of California, Los Angeles",2016,2018,106,9.3,2.7,2.5,0.5,0.3,0.4,0.556,0.571,0.273,0.542,3,0.144
209,2016,NBA,1,30,GSW,Damian Jones,20.364,F-C,us,Vanderbilt University,2017,2018,13,7.2,1.5,1.8,0,0.1,0.4,0.5,0.5,,0.3,0,0.013
210,2017,NBA,1,30,UTA,Josh Hart,22.114,G,us,Villanova University,2018,2018,55,21.5,6.6,3.7,1.2,0.7,0.2,0.461,0.534,0.397,0.656,2.5,0.101
,,,,,,,,, ,,,,,,,,,,,,,,,,
