Rk,Player,Age,Pos,Date,Tm,,Opp,,GS,MP,FG,FGA,FG%,2P,2PA,2P%,3P,3PA,3P%,FT,FTA,FT%,ORB,DRB,TRB,AST,STL,BLK,TOV,PF,PTS,GmSc
1,Semaj Christon,23-360,G,2016-10-26 *,OKC,@,PHI,W,0,15,2,5,0.4,2,4,0.5,0,1,0,0,0,,0,1,1,4,0,0,0,1,4,4
2,Victor Oladipo,24-175,G,2016-10-26 *,OKC,@,PHI,W,1,26,4,16,0.25,4,11,0.364,0,5,0,2,3,0.667,2,3,5,1,0,1,3,2,10,-0.1
3,Russell Westbrook,27-349,G,2016-10-26 *,OKC,@,PHI,W,1,36,11,21,0.524,10,19,0.526,1,2,0.5,9,11,0.818,1,11,12,9,0,0,2,2,32,28.4
4,Semaj Christon,23-362,G,2016-10-28 *,OKC,,PHO,W,0,11,1,4,0.25,1,4,0.25,0,0,,0,2,0,1,1,2,0,0,1,1,0,2,-0.5
5,Victor Oladipo,24-177,G,2016-10-28 *,OKC,,PHO,W,1,44,7,17,0.412,6,13,0.462,1,4,0.25,6,7,0.857,1,4,5,2,2,1,4,2,21,12.7
6,Russell Westbrook,27-351,G,2016-10-28 *,OKC,,PHO,W,1,45,17,44,0.386,15,34,0.441,2,10,0.2,15,20,0.75,3,10,13,10,2,0,5,3,51,32.9
7,Semaj Christon,23-364,G,2016-10-30 *,OKC,,LAL,W,0,20,2,6,0.333,1,5,0.2,1,1,1,0,1,0,0,0,0,2,2,0,1,1,5,3.2
8,Anthony Morrow,31-033,G,2016-10-30 *,OKC,,LAL,W,0,6,3,5,0.6,3,4,0.75,0,1,0,0,0,,0,0,0,1,1,0,0,1,6,5
9,Victor Oladipo,24-179,G,2016-10-30 *,OKC,,LAL,W,1,38,7,20,0.35,4,13,0.308,3,7,0.429,3,3,1,0,1,1,4,1,0,3,3,20,8.7
10,Russell Westbrook,27-353,G,2016-10-30 *,OKC,,LAL,W,1,34,11,21,0.524,6,15,0.4,5,6,0.833,6,6,1,4,7,11,16,1,1,7,3,33,32.3
11,Semaj Christon,24-001,G,2016-11-02 *,OKC,@,LAC,W,0,15,3,7,0.429,3,7,0.429,0,0,,0,0,,1,1,2,0,0,0,2,3,6,0.1
12,Anthony Morrow,31-036,G,2016-11-02 *,OKC,@,LAC,W,0,10,1,3,0.333,1,3,0.333,0,0,,0,0,,0,0,0,0,1,0,0,1,2,0.9
13,Victor Oladipo,24-182,G,2016-11-02 *,OKC,@,LAC,W,1,33,3,11,0.273,2,6,0.333,1,5,0.2,2,3,0.667,0,5,5,1,0,0,0,2,9,3.5
14,Russell Westbrook,27-356,G,2016-11-02 *,OKC,@,LAC,W,1,33,14,30,0.467,14,23,0.609,0,7,0,7,9,0.778,1,5,6,5,3,0,10,4,35,15.9
15,Semaj Christon,24-002,G,2016-11-03 *,OKC,@,GSW,L,0,19,2,6,0.333,2,4,0.5,0,2,0,0,0,,1,2,3,3,2,0,1,2,4,4.2
16,Anthony Morrow,31-037,G,2016-11-03 *,OKC,@,GSW,L,0,9,0,2,0,0,0,,0,2,0,0,0,,0,0,0,0,0,0,1,0,0,-2.4
17,Victor Oladipo,24-183,G,2016-11-03 *,OKC,@,GSW,L,1,30,8,13,0.615,4,7,0.571,4,6,0.667,1,4,0.25,0,3,3,0,0,0,0,2,21,14
18,Russell Westbrook,27-357,G,2016-11-03 *,OKC,@,GSW,L,1,29,4,15,0.267,2,11,0.182,2,4,0.5,10,14,0.714,1,5,6,10,1,2,6,3,20,13.9
19,Semaj Christon,24-004,G,2016-11-05 *,OKC,,MIN,W,0,20,4,8,0.5,4,7,0.571,0,1,0,2,2,1,0,0,0,5,0,0,0,3,10,8.3
20,Victor Oladipo,24-185,G,2016-11-05 *,OKC,,MIN,W,1,31,5,9,0.556,4,7,0.571,1,2,0.5,1,3,0.333,0,3,3,1,1,0,1,0,12,8.5
21,Russell Westbrook,27-359,G,2016-11-05 *,OKC,,MIN,W,1,28,9,18,0.5,5,13,0.385,4,5,0.8,6,8,0.75,2,4,6,8,3,0,2,3,28,26.2
22,Semaj Christon,24-006,G,2016-11-07 *,OKC,,MIA,W,0,21,1,4,0.25,1,4,0.25,0,0,,0,0,,1,3,4,6,0,0,1,0,2,4.4
23,Victor Oladipo,24-187,G,2016-11-07 *,OKC,,MIA,W,1,33,6,9,0.667,5,7,0.714,1,2,0.5,4,4,1,0,2,2,2,0,0,1,1,17,13.7
24,Russell Westbrook,27-361,G,2016-11-07 *,OKC,,MIA,W,1,27,5,16,0.313,4,10,0.4,1,6,0.167,3,3,1,2,3,5,11,0,0,5,2,14,9
25,Semaj Christon,24-008,G,2016-11-09 *,OKC,,TOR,L,0,16,0,1,0,0,0,,0,1,0,0,0,,0,3,3,3,0,0,1,2,0,0.5
26,Anthony Morrow,31-043,G,2016-11-09 *,OKC,,TOR,L,0,9,1,3,0.333,1,1,1,0,2,0,0,0,,0,1,1,0,0,0,1,0,2,-0.4
27,Victor Oladipo,24-189,G,2016-11-09 *,OKC,,TOR,L,1,36,6,16,0.375,1,7,0.143,5,9,0.556,1,1,1,3,5,8,2,2,0,1,2,18,14.4
28,Russell Westbrook,27-363,G,2016-11-09 *,OKC,,TOR,L,1,39,9,26,0.346,6,14,0.429,3,12,0.25,15,18,0.833,2,5,7,7,1,2,8,2,36,21.6
29,Semaj Christon,24-010,G,2016-11-11 *,OKC,,LAC,L,0,20,3,7,0.429,2,6,0.333,1,1,1,2,2,1,0,0,0,4,0,0,1,1,9,6.7
30,Victor Oladipo,24-191,G,2016-11-11 *,OKC,,LAC,L,1,38,6,19,0.316,2,11,0.182,4,8,0.5,2,3,0.667,1,1,2,1,0,0,3,3,18,4.2
31,Russell Westbrook,27-365,G,2016-11-11 *,OKC,,LAC,L,1,35,9,25,0.36,6,20,0.3,3,5,0.6,8,9,0.889,1,13,14,9,1,0,4,5,29,20.6
32,Semaj Christon,24-012,G,2016-11-13 *,OKC,,ORL,L,0,10,0,4,0,0,2,0,0,2,0,0,0,,0,0,0,2,0,0,0,1,0,-1.8
33,Victor Oladipo,24-193,G,2016-11-13 *,OKC,,ORL,L,1,31,6,9,0.667,6,8,0.75,0,1,0,0,0,,0,1,1,2,1,0,1,0,12,9.8
34,Russell Westbrook,28-001,G,2016-11-13 *,OKC,,ORL,L,1,38,14,21,0.667,14,18,0.778,0,3,0,13,18,0.722,2,10,12,16,0,0,2,2,41,42.7
35,Semaj Christon,24-013,G,2016-11-14 *,OKC,@,DET,L,0,15,0,4,0,0,4,0,0,0,,0,0,,0,2,2,3,0,0,0,1,0,-0.5
36,Anthony Morrow,31-048,G,2016-11-14 *,OKC,@,DET,L,0,9,3,5,0.6,3,4,0.75,0,1,0,0,0,,2,0,2,1,0,1,0,0,6,6.5
37,Victor Oladipo,24-194,G,2016-11-14 *,OKC,@,DET,L,1,23,4,17,0.235,3,10,0.3,1,7,0.143,0,1,0,1,1,2,1,0,1,0,1,9,0.3
38,Russell Westbrook,28-002,G,2016-11-14 *,OKC,@,DET,L,1,34,11,21,0.524,11,19,0.579,0,2,0,11,12,0.917,2,13,15,8,0,0,7,4,33,24.6
39,Semaj Christon,24-015,G,2016-11-16 *,OKC,,HOU,W,0,14,2,4,0.5,1,3,0.333,1,1,1,0,0,,0,0,0,1,0,0,2,1,5,1.3
40,Anthony Morrow,31-050,G,2016-11-16 *,OKC,,HOU,W,0,1,0,1,0,0,1,0,0,0,,0,0,,0,0,0,0,0,0,0,2,0,-1.5
41,Victor Oladipo,24-196,G,2016-11-16 *,OKC,,HOU,W,1,40,12,18,0.667,7,11,0.636,5,7,0.714,0,0,,1,9,10,5,2,0,3,4,29,25.5
42,Russell Westbrook,28-004,G,2016-11-16 *,OKC,,HOU,W,1,36,9,20,0.45,7,16,0.438,2,4,0.5,10,11,0.909,1,6,7,9,2,0,6,0,30,24
43,Semaj Christon,24-017,G,2016-11-18 *,OKC,,BRK,W,0,11,0,1,0,0,1,0,0,0,,0,0,,0,2,2,1,1,0,0,1,0,1.2
44,Anthony Morrow,31-052,G,2016-11-18 *,OKC,,BRK,W,0,0,0,0,,0,0,,0,0,,0,0,,0,0,0,0,0,0,0,0,0,0
45,Victor Oladipo,24-198,G,2016-11-18 *,OKC,,BRK,W,1,36,11,17,0.647,8,11,0.727,3,6,0.5,1,1,1,1,4,5,6,0,0,3,4,26,20
46,Russell Westbrook,28-006,G,2016-11-18 *,OKC,,BRK,W,1,34,13,21,0.619,13,20,0.65,0,1,0,4,5,0.8,3,7,10,13,1,0,3,0,30,31.4
47,Anthony Morrow,31-054,G,2016-11-20 *,OKC,,IND,L,0,7,2,5,0.4,2,2,1,0,3,0,1,2,0.5,0,1,1,0,0,0,0,0,5,2.2
48,Victor Oladipo,24-200,G,2016-11-20 *,OKC,,IND,L,1,38,6,14,0.429,4,8,0.5,2,6,0.333,0,0,,0,5,5,6,2,0,4,2,14,9.5
49,Russell Westbrook,28-008,G,2016-11-20 *,OKC,,IND,L,1,40,13,34,0.382,11,26,0.423,2,8,0.25,3,5,0.6,5,6,11,15,1,0,7,3,31,20.2
50,Semaj Christon,24-021,G,2016-11-22 *,OKC,@,LAL,L,0,4,0,2,0,0,1,0,0,1,0,0,0,,0,0,0,0,0,0,0,1,0,-1.8
51,Anthony Morrow,31-056,G,2016-11-22 *,OKC,@,LAL,L,0,9,1,2,0.5,1,1,1,0,1,0,0,0,,0,0,0,1,1,0,0,0,2,2.7
52,Victor Oladipo,24-202,G,2016-11-22 *,OKC,@,LAL,L,1,39,6,13,0.462,4,9,0.444,2,4,0.5,0,0,,0,4,4,4,2,1,3,1,14,10.6
53,Russell Westbrook,28-010,G,2016-11-22 *,OKC,@,LAL,L,1,36,13,30,0.433,9,21,0.429,4,9,0.444,4,5,0.8,3,5,8,13,2,0,8,3,34,23.3
54,Semaj Christon,24-022,G,2016-11-23 *,OKC,@,SAC,L,0,8,0,0,,0,0,,0,0,,0,0,,0,0,0,1,0,0,0,3,0,-0.5
55,Anthony Morrow,31-057,G,2016-11-23 *,OKC,@,SAC,L,0,19,2,8,0.25,1,6,0.167,1,2,0.5,3,3,1,0,0,0,0,0,0,0,1,8,2.8
56,Victor Oladipo,24-203,G,2016-11-23 *,OKC,@,SAC,L,1,36,7,15,0.467,4,7,0.571,3,8,0.375,1,2,0.5,0,6,6,2,1,2,2,3,18,12.3
57,Russell Westbrook,28-011,G,2016-11-23 *,OKC,@,SAC,L,1,35,7,18,0.389,6,13,0.462,1,5,0.2,16,19,0.842,1,10,11,9,2,0,3,1,31,28.6
58,Semaj Christon,24-024,G,2016-11-25 *,OKC,@,DEN,W,0,0,0,0,,0,0,,0,0,,0,0,,0,0,0,0,0,0,0,0,0,0
59,Anthony Morrow,31-059,G,2016-11-25 *,OKC,@,DEN,W,0,22,4,9,0.444,2,7,0.286,2,2,1,0,0,,0,0,0,1,0,1,0,0,10,6.7
60,Victor Oladipo,24-205,G,2016-11-25 *,OKC,@,DEN,W,1,42,11,19,0.579,9,13,0.692,2,6,0.333,2,2,1,1,3,4,7,2,0,1,1,26,24.2
61,Russell Westbrook,28-013,G,2016-11-25 *,OKC,@,DEN,W,1,41,9,25,0.36,6,21,0.286,3,4,0.75,15,17,0.882,1,10,11,17,1,1,7,3,36,30.4
62,Semaj Christon,24-025,G,2016-11-26 *,OKC,,DET,W,0,4,0,2,0,0,2,0,0,0,,0,0,,0,0,0,1,0,0,0,0,0,-0.7
63,Anthony Morrow,31-060,G,2016-11-26 *,OKC,,DET,W,0,26,8,12,0.667,5,6,0.833,3,6,0.5,2,2,1,0,1,1,1,0,0,0,1,21,16.4
64,Victor Oladipo,24-206,G,2016-11-26 *,OKC,,DET,W,1,33,6,10,0.6,3,5,0.6,3,5,0.6,3,6,0.5,1,5,6,2,1,0,0,2,18,16
65,Russell Westbrook,28-014,G,2016-11-26 *,OKC,,DET,W,1,37,8,22,0.364,8,17,0.471,0,5,0,1,2,0.5,3,10,13,15,1,1,5,2,17,15.9
66,Semaj Christon,24-027,G,2016-11-28 *,OKC,@,NYK,W,0,12,0,2,0,0,1,0,0,1,0,0,0,,0,1,1,4,0,0,0,0,0,1.7
67,Anthony Morrow,31-062,G,2016-11-28 *,OKC,@,NYK,W,0,20,5,7,0.714,2,2,1,3,5,0.6,1,2,0.5,0,0,0,1,0,0,0,0,14,11.4
68,Victor Oladipo,24-208,G,2016-11-28 *,OKC,@,NYK,W,1,31,4,11,0.364,4,7,0.571,0,4,0,0,0,,0,4,4,4,1,1,0,2,8,6.8
69,Russell Westbrook,28-016,G,2016-11-28 *,OKC,@,NYK,W,1,36,9,23,0.391,7,20,0.35,2,3,0.667,7,7,1,5,12,17,14,2,0,7,3,27,25.2
70,Semaj Christon,24-029,G,2016-11-30 *,OKC,,WAS,W,0,15,1,2,0.5,1,1,1,0,1,0,0,0,,1,0,1,3,1,0,0,1,2,4.4
71,Anthony Morrow,31-064,G,2016-11-30 *,OKC,,WAS,W,0,31,2,9,0.222,0,2,0,2,7,0.286,0,0,,0,1,1,4,0,0,1,3,6,1.4
72,Victor Oladipo,24-210,G,2016-11-30 *,OKC,,WAS,W,1,45,10,16,0.625,5,7,0.714,5,9,0.556,0,0,,0,6,6,6,1,0,2,1,25,22.4
73,Russell Westbrook,28-018,G,2016-11-30 *,OKC,,WAS,W,1,41,12,35,0.343,11,29,0.379,1,6,0.167,10,10,1,4,10,14,11,2,0,5,3,35,24.6
74,Semaj Christon,24-033,G,2016-12-04 *,OKC,,NOP,W,0,11,1,3,0.333,1,2,0.5,0,1,0,0,1,0,0,1,1,5,0,0,1,0,2,2.7
75,Anthony Morrow,31-068,G,2016-12-04 *,OKC,,NOP,W,0,25,1,7,0.143,1,2,0.5,0,5,0,0,0,,1,2,3,0,0,0,0,1,2,-1.6
76,Victor Oladipo,24-214,G,2016-12-04 *,OKC,,NOP,W,1,35,6,15,0.4,5,7,0.714,1,8,0.125,2,7,0.286,0,5,5,4,1,0,0,0,15,10.2
77,Russell Westbrook,28-022,G,2016-12-04 *,OKC,,NOP,W,1,38,10,23,0.435,8,15,0.533,2,8,0.25,6,9,0.667,1,16,17,12,1,0,10,1,28,19.2
78,Semaj Christon,24-034,G,2016-12-05 *,OKC,@,ATL,W,0,14,1,3,0.333,1,2,0.5,0,1,0,0,0,,0,2,2,5,1,0,2,1,2,3
79,Anthony Morrow,31-069,G,2016-12-05 *,OKC,@,ATL,W,0,26,5,8,0.625,1,2,0.5,4,6,0.667,1,1,1,0,2,2,0,1,0,0,1,15,12.6
80,Victor Oladipo,24-215,G,2016-12-05 *,OKC,@,ATL,W,1,36,6,15,0.4,4,7,0.571,2,8,0.25,0,0,,0,6,6,2,1,0,2,4,14,6.5
81,Russell Westbrook,28-023,G,2016-12-05 *,OKC,@,ATL,W,1,34,10,22,0.455,7,14,0.5,3,8,0.375,9,14,0.643,1,12,13,12,1,1,4,1,32,28.6
82,Semaj Christon,24-038,G,2016-12-09 *,OKC,,HOU,L,0,12,0,3,0,0,3,0,0,0,,0,0,,1,0,1,1,1,0,0,1,0,-0.1
83,Anthony Morrow,31-073,G,2016-12-09 *,OKC,,HOU,L,0,26,5,11,0.455,3,6,0.5,2,5,0.4,0,0,,1,1,2,0,1,0,1,2,12,6.5
84,Victor Oladipo,24-219,G,2016-12-09 *,OKC,,HOU,L,1,38,5,13,0.385,3,6,0.5,2,7,0.286,0,0,,0,7,7,1,0,0,3,1,12,4.3
85,Russell Westbrook,28-027,G,2016-12-09 *,OKC,,HOU,L,1,36,8,25,0.32,8,18,0.444,0,7,0,11,12,0.917,1,9,10,10,3,0,8,3,27,16.5
86,Semaj Christon,24-040,G,2016-12-11 *,OKC,,BOS,W,0,21,3,3,1,2,2,1,1,1,1,2,4,0.5,0,0,0,2,2,0,0,0,9,10.7
87,Anthony Morrow,31-075,G,2016-12-11 *,OKC,,BOS,W,0,28,2,8,0.25,2,4,0.5,0,4,0,0,0,,1,0,1,2,2,0,0,0,4,3.3
88,Victor Oladipo,24-221,G,2016-12-11 *,OKC,,BOS,W,1,10,0,2,0,0,2,0,0,0,,0,0,,0,3,3,0,0,0,2,1,0,-2.9
89,Russell Westbrook,28-029,G,2016-12-11 *,OKC,,BOS,W,1,36,14,26,0.538,12,21,0.571,2,5,0.4,7,12,0.583,3,9,12,6,2,0,7,3,37,25.2
90,Semaj Christon,24-042,G,2016-12-13 *,OKC,@,POR,L,0,27,1,6,0.167,1,4,0.25,0,2,0,2,4,0.5,0,1,1,3,1,0,3,4,4,-1.8
91,Anthony Morrow,31-077,G,2016-12-13 *,OKC,@,POR,L,0,20,4,11,0.364,3,6,0.5,1,5,0.2,0,0,,1,1,2,1,1,0,0,2,9,4.8
92,Russell Westbrook,28-031,G,2016-12-13 *,OKC,@,POR,L,1,27,7,19,0.368,5,14,0.357,2,5,0.4,4,4,1,2,4,6,6,0,0,4,1,20,11.9
93,Semaj Christon,24-043,G,2016-12-14 *,OKC,@,UTA,L,0,23,3,9,0.333,2,6,0.333,1,3,0.333,0,0,,1,2,3,2,0,0,1,2,7,2.8
94,Anthony Morrow,31-078,G,2016-12-14 *,OKC,@,UTA,L,0,28,1,4,0.25,1,2,0.5,0,2,0,1,2,0.5,1,1,2,0,0,0,0,3,3,0
95,Russell Westbrook,28-032,G,2016-12-14 *,OKC,@,UTA,L,1,31,7,25,0.28,5,20,0.25,2,5,0.4,11,13,0.846,1,5,6,5,1,0,5,4,27,11.6
96,Semaj Christon,24-046,G,2016-12-17 *,OKC,,PHO,W,0,22,3,7,0.429,3,5,0.6,0,2,0,1,1,1,0,4,4,1,1,0,1,3,7,4
97,Anthony Morrow,31-081,G,2016-12-17 *,OKC,,PHO,W,1,21,4,6,0.667,1,2,0.5,3,4,0.75,0,0,,0,0,0,0,2,0,0,0,11,10.4
98,Russell Westbrook,28-035,G,2016-12-17 *,OKC,,PHO,W,1,34,9,17,0.529,8,15,0.533,1,2,0.5,7,7,1,0,11,11,22,2,1,5,3,26,32.9
99,Semaj Christon,24-048,G,2016-12-19 *,OKC,,ATL,L,0,25,1,5,0.2,1,3,0.333,0,2,0,0,0,,2,1,3,3,0,0,0,0,2,2.7
100,Anthony Morrow,31-083,G,2016-12-19 *,OKC,,ATL,L,1,19,1,5,0.2,1,2,0.5,0,3,0,2,2,1,0,0,0,1,1,0,0,4,4,1
101,Russell Westbrook,28-037,G,2016-12-19 *,OKC,,ATL,L,1,35,16,33,0.485,13,23,0.565,3,10,0.3,11,13,0.846,2,9,11,7,1,0,4,2,46,33.7
102,Semaj Christon,24-050,G,2016-12-21 *,OKC,@,NOP,W,0,14,3,7,0.429,3,5,0.6,0,2,0,0,0,,0,0,0,5,0,0,0,1,6,5.4
103,Anthony Morrow,31-085,G,2016-12-21 *,OKC,@,NOP,W,1,18,1,3,0.333,0,2,0,1,1,1,0,0,,0,1,1,0,2,0,0,0,3,3.6
104,Russell Westbrook,28-039,G,2016-12-21 *,OKC,@,NOP,W,1,34,12,26,0.462,10,19,0.526,2,7,0.286,16,18,0.889,1,9,10,7,1,0,4,2,42,32.3
105,Semaj Christon,24-052,G,2016-12-23 *,OKC,@,BOS,W,0,21,2,5,0.4,2,2,1,0,3,0,0,0,,0,2,2,0,0,0,0,3,4,0.7
106,Anthony Morrow,31-087,G,2016-12-23 *,OKC,@,BOS,W,1,12,1,5,0.2,1,2,0.5,0,3,0,0,0,,0,0,0,0,0,0,0,1,2,-1.5
107,Russell Westbrook,28-041,G,2016-12-23 *,OKC,@,BOS,W,1,35,13,25,0.52,8,18,0.444,5,7,0.714,14,16,0.875,1,10,11,11,1,0,4,1,45,39.9
108,Semaj Christon,24-054,G,2016-12-25 *,OKC,,MIN,W,0,18,1,3,0.333,0,2,0,1,1,1,0,0,,1,2,3,3,0,0,2,2,3,1.9
109,Anthony Morrow,31-089,G,2016-12-25 *,OKC,,MIN,W,1,12,1,4,0.25,1,1,1,0,3,0,0,0,,0,1,1,0,0,0,0,2,2,-0.9
110,Russell Westbrook,28-043,G,2016-12-25 *,OKC,,MIN,W,1,33,11,25,0.44,10,21,0.476,1,4,0.25,8,9,0.889,3,4,7,15,1,1,5,2,31,27.2
111,Semaj Christon,24-056,G,2016-12-27 *,OKC,@,MIA,W,0,11,0,0,,0,0,,0,0,,0,0,,0,1,1,3,0,0,1,1,0,1
112,Anthony Morrow,31-091,G,2016-12-27 *,OKC,@,MIA,W,1,20,3,7,0.429,2,2,1,1,5,0.2,2,2,1,0,0,0,1,0,0,0,0,9,6
113,Russell Westbrook,28-045,G,2016-12-27 *,OKC,@,MIA,W,1,37,11,22,0.5,11,21,0.524,0,1,0,7,10,0.7,0,17,17,11,0,0,7,0,29,22.6
114,Semaj Christon,24-058,G,2016-12-29 *,OKC,@,MEM,L,0,27,1,4,0.25,1,1,1,0,3,0,0,0,,1,2,3,4,1,1,2,2,2,2.6
115,Anthony Morrow,31-093,G,2016-12-29 *,OKC,@,MEM,L,1,19,1,3,0.333,1,2,0.5,0,1,0,0,0,,0,0,0,0,1,0,0,1,2,0.9
116,Russell Westbrook,28-047,G,2016-12-29 *,OKC,@,MEM,L,1,23,6,19,0.316,4,13,0.308,2,6,0.333,7,10,0.7,2,3,5,0,2,0,6,3,21,6
117,Semaj Christon,24-060,G,2016-12-31 *,OKC,,LAC,W,0,19,1,5,0.2,1,3,0.333,0,2,0,0,0,,1,0,1,2,1,0,0,0,2,2
118,Anthony Morrow,31-095,G,2016-12-31 *,OKC,,LAC,W,0,5,0,2,0,0,1,0,0,1,0,0,0,,0,0,0,0,0,0,0,1,0,-1.8
119,Victor Oladipo,24-241,G,2016-12-31 *,OKC,,LAC,W,1,29,4,9,0.444,2,4,0.5,2,5,0.4,5,5,1,0,4,4,2,0,0,2,5,15,8.9
120,Russell Westbrook,28-049,G,2016-12-31 *,OKC,,LAC,W,1,29,6,11,0.545,6,9,0.667,0,2,0,5,6,0.833,0,12,12,14,2,0,1,0,17,25.7
121,Semaj Christon,24-062,G,2017-01-02 *,OKC,@,MIL,L,0,12,5,6,0.833,4,4,1,1,2,0.5,0,2,0,0,1,1,2,0,0,1,1,11,8.3
122,Victor Oladipo,24-243,G,2017-01-02 *,OKC,@,MIL,L,1,35,7,12,0.583,3,5,0.6,4,7,0.571,0,0,,1,4,5,4,1,0,2,4,18,14.5
123,Russell Westbrook,28-051,G,2017-01-02 *,OKC,@,MIL,L,1,36,9,28,0.321,7,18,0.389,2,10,0.2,10,11,0.909,0,7,7,6,3,0,5,3,30,16.7
124,Semaj Christon,24-064,G,2017-01-04 *,OKC,@,CHO,L,0,15,2,3,0.667,2,3,0.667,0,0,,0,0,,0,3,3,5,0,0,2,2,4,4.3
125,Anthony Morrow,31-099,G,2017-01-04 *,OKC,@,CHO,L,0,4,2,4,0.5,1,2,0.5,1,2,0.5,0,0,,0,0,0,0,0,0,0,1,5,2.6
126,Victor Oladipo,24-245,G,2017-01-04 *,OKC,@,CHO,L,1,36,7,20,0.35,4,12,0.333,3,8,0.375,1,2,0.5,2,1,3,5,1,0,3,5,18,7.6
127,Russell Westbrook,28-053,G,2017-01-04 *,OKC,@,CHO,L,1,34,10,31,0.323,8,19,0.421,2,12,0.167,11,13,0.846,3,12,15,8,2,1,4,5,33,22.5
128,Semaj Christon,24-065,G,2017-01-05 *,OKC,@,HOU,L,0,12,1,4,0.25,1,3,0.333,0,1,0,0,0,,0,0,0,1,0,0,0,0,2,0.3
129,Victor Oladipo,24-246,G,2017-01-05 *,OKC,@,HOU,L,1,41,6,16,0.375,2,7,0.286,4,9,0.444,1,2,0.5,2,5,7,2,1,0,1,3,17,10.9
130,Russell Westbrook,28-054,G,2017-01-05 *,OKC,@,HOU,L,1,38,16,34,0.471,8,19,0.421,8,15,0.533,9,11,0.818,1,7,8,5,2,0,5,2,49,33.3
131,Victor Oladipo,24-248,G,2017-01-07 *,OKC,,DEN,W,1,33,7,19,0.368,7,11,0.636,0,8,0,1,2,0.5,1,2,3,3,2,1,0,3,15,9
132,Cameron Payne,22-152,G,2017-01-07 *,OKC,,DEN,W,0,13,3,4,0.75,1,1,1,2,3,0.667,0,0,,0,2,2,1,0,0,1,1,8,6.3
133,Russell Westbrook,28-056,G,2017-01-07 *,OKC,,DEN,W,1,35,10,20,0.5,3,8,0.375,7,12,0.583,5,6,0.833,2,15,17,11,3,0,5,3,32,32
134,Victor Oladipo,24-250,G,2017-01-09 *,OKC,@,CHI,W,1,25,6,9,0.667,5,7,0.714,1,2,0.5,0,0,,0,2,2,2,2,0,1,4,13,10.5
135,Cameron Payne,22-154,G,2017-01-09 *,OKC,@,CHI,W,0,15,0,6,0,0,5,0,0,1,0,0,0,,0,4,4,3,0,0,0,4,0,-2.5
136,Russell Westbrook,28-058,G,2017-01-09 *,OKC,@,CHI,W,1,33,9,18,0.5,8,11,0.727,1,7,0.143,2,3,0.667,0,9,9,14,1,0,4,2,21,20.3
137,Victor Oladipo,24-252,G,2017-01-11 *,OKC,,MEM,W,1,32,5,10,0.5,1,3,0.333,4,7,0.571,2,3,0.667,0,3,3,2,0,0,1,1,16,11.5
138,Cameron Payne,22-156,G,2017-01-11 *,OKC,,MEM,W,0,11,1,3,0.333,1,2,0.5,0,1,0,0,0,,0,0,0,1,0,0,0,3,2,-0.2
139,Russell Westbrook,28-060,G,2017-01-11 *,OKC,,MEM,W,1,37,6,20,0.3,6,13,0.462,0,7,0,12,15,0.8,1,12,13,12,2,1,6,1,24,20.2
140,Victor Oladipo,24-254,G,2017-01-13 *,OKC,@,MIN,L,1,33,8,18,0.444,7,14,0.5,1,4,0.25,2,2,1,2,3,5,0,1,0,1,0,19,11.9
141,Cameron Payne,22-158,G,2017-01-13 *,OKC,@,MIN,L,0,16,2,6,0.333,2,4,0.5,0,2,0,0,0,,0,4,4,2,0,0,1,1,4,1.8
142,Russell Westbrook,28-062,G,2017-01-13 *,OKC,@,MIN,L,1,36,7,23,0.304,6,13,0.462,1,10,0.1,6,7,0.857,3,8,11,12,2,0,10,3,21,11
143,Victor Oladipo,24-256,G,2017-01-15 *,OKC,@,SAC,W,1,40,7,14,0.5,6,7,0.857,1,7,0.143,8,8,1,0,1,1,2,2,1,2,3,23,17.2
144,Cameron Payne,22-160,G,2017-01-15 *,OKC,@,SAC,W,0,18,2,7,0.286,2,4,0.5,0,3,0,0,0,,1,1,2,1,2,0,0,4,4,2
145,Russell Westbrook,28-064,G,2017-01-15 *,OKC,@,SAC,W,1,36,11,21,0.524,7,16,0.438,4,5,0.8,10,11,0.909,2,9,11,10,4,0,7,1,36,33
146,Anthony Morrow,31-111,G,2017-01-16 *,OKC,@,LAC,L,0,5,1,1,1,0,0,,1,1,1,2,2,1,0,0,0,0,0,0,0,1,5,4.3
147,Victor Oladipo,24-257,G,2017-01-16 *,OKC,@,LAC,L,1,24,3,11,0.273,3,9,0.333,0,2,0,0,0,,0,3,3,3,2,0,1,1,6,3.1
148,Cameron Payne,22-161,G,2017-01-16 *,OKC,@,LAC,L,0,21,4,9,0.444,4,5,0.8,0,4,0,0,0,,0,0,0,2,1,0,2,3,8,2.5
149,Russell Westbrook,28-065,G,2017-01-16 *,OKC,@,LAC,L,1,29,7,19,0.368,5,12,0.417,2,7,0.286,8,9,0.889,1,4,5,4,2,0,4,2,24,15
150,Anthony Morrow,31-113,G,2017-01-18 *,OKC,@,GSW,L,0,4,0,1,0,0,0,,0,1,0,0,0,,0,0,0,1,1,0,0,1,0,0.6
151,Victor Oladipo,24-259,G,2017-01-18 *,OKC,@,GSW,L,1,37,8,17,0.471,4,9,0.444,4,8,0.5,0,0,,1,2,3,2,4,1,2,2,20,15.9
152,Cameron Payne,22-163,G,2017-01-18 *,OKC,@,GSW,L,0,25,3,8,0.375,2,3,0.667,1,5,0.2,2,2,1,0,1,1,4,0,1,1,2,9,6.6
153,Russell Westbrook,28-067,G,2017-01-18 *,OKC,@,GSW,L,1,35,8,23,0.348,7,17,0.412,1,6,0.167,10,11,0.909,4,11,15,13,2,2,10,5,27,20.3
154,Victor Oladipo,24-264,G,2017-01-23 *,OKC,@,UTA,W,1,30,8,11,0.727,7,10,0.7,1,1,1,1,2,0.5,1,3,4,1,2,0,0,5,18,15.4
155,Cameron Payne,22-168,G,2017-01-23 *,OKC,@,UTA,W,0,14,2,6,0.333,1,3,0.333,1,3,0.333,0,0,,0,1,1,0,0,0,0,2,5,1.1
156,Russell Westbrook,28-072,G,2017-01-23 *,OKC,@,UTA,W,1,36,11,29,0.379,8,22,0.364,3,7,0.429,13,17,0.765,1,10,11,10,4,1,6,3,38,28.7
157,Victor Oladipo,24-266,G,2017-01-25 *,OKC,@,NOP,W,1,35,5,11,0.455,2,4,0.5,3,7,0.429,2,3,0.667,0,4,4,2,2,2,1,1,15,13.5
158,Cameron Payne,22-170,G,2017-01-25 *,OKC,@,NOP,W,0,12,2,6,0.333,1,3,0.333,1,3,0.333,0,0,,0,0,0,3,0,0,0,1,5,3.3
159,Russell Westbrook,28-074,G,2017-01-25 *,OKC,@,NOP,W,1,36,7,22,0.318,3,13,0.231,4,9,0.444,9,12,0.75,1,11,12,10,1,1,8,3,27,16.7
160,Victor Oladipo,24-267,G,2017-01-26 *,OKC,,DAL,W,1,36,7,14,0.5,6,10,0.6,1,4,0.25,2,2,1,0,3,3,3,3,0,2,2,17,13.2
161,Cameron Payne,22-171,G,2017-01-26 *,OKC,,DAL,W,0,13,2,4,0.5,0,2,0,2,2,1,0,0,,0,0,0,0,0,0,2,0,6,2
162,Russell Westbrook,28-075,G,2017-01-26 *,OKC,,DAL,W,1,35,16,29,0.552,12,21,0.571,4,8,0.5,9,11,0.818,1,7,8,3,2,0,4,2,45,32.4
163,Victor Oladipo,24-270,G,2017-01-29 *,OKC,@,CLE,L,1,38,6,18,0.333,5,14,0.357,1,4,0.25,4,5,0.8,1,6,7,4,0,0,1,3,17,9.5
164,Cameron Payne,22-174,G,2017-01-29 *,OKC,@,CLE,L,0,20,3,11,0.273,1,8,0.125,2,3,0.667,0,0,,0,4,4,2,2,1,1,2,8,5
165,Russell Westbrook,28-078,G,2017-01-29 *,OKC,@,CLE,L,1,36,7,26,0.269,6,20,0.3,1,6,0.167,5,8,0.625,5,7,12,10,1,1,4,3,20,12.5
166,Semaj Christon,24-091,G,2017-01-31 *,OKC,@,SAS,L,0,5,0,2,0,0,2,0,0,0,,2,2,1,0,1,1,1,0,1,0,0,2,2.3
167,Anthony Morrow,31-126,G,2017-01-31 *,OKC,@,SAS,L,0,30,3,12,0.25,2,6,0.333,1,6,0.167,4,4,1,1,0,1,0,2,0,1,3,11,4.3
168,Victor Oladipo,24-272,G,2017-01-31 *,OKC,@,SAS,L,1,32,5,12,0.417,4,9,0.444,1,3,0.333,4,4,1,1,3,4,1,4,1,1,0,15,14.6
169,Cameron Payne,22-176,G,2017-01-31 *,OKC,@,SAS,L,0,19,0,4,0,0,1,0,0,3,0,2,2,1,0,2,2,3,1,1,1,3,2,1.4
170,Russell Westbrook,28-080,G,2017-01-31 *,OKC,@,SAS,L,1,34,7,17,0.412,4,10,0.4,3,7,0.429,10,10,1,1,5,6,14,1,0,6,4,27,23.3
171,Semaj Christon,24-092,G,2017-02-01 *,OKC,,CHI,L,0,13,2,5,0.4,1,3,0.333,1,2,0.5,0,0,,1,2,3,0,0,0,1,3,5,1.4
172,Anthony Morrow,31-127,G,2017-02-01 *,OKC,,CHI,L,0,24,3,11,0.273,2,5,0.4,1,6,0.167,0,0,,1,0,1,1,0,0,0,3,7,0.7
173,Victor Oladipo,24-273,G,2017-02-01 *,OKC,,CHI,L,1,25,5,14,0.357,4,8,0.5,1,6,0.167,1,1,1,2,3,5,0,1,0,1,5,12,4.5
174,Cameron Payne,22-177,G,2017-02-01 *,OKC,,CHI,L,0,19,3,10,0.3,2,8,0.25,1,2,0.5,0,0,,0,0,0,5,1,0,0,1,7,5.3
175,Russell Westbrook,28-081,G,2017-02-01 *,OKC,,CHI,L,1,29,10,23,0.435,8,16,0.5,2,7,0.286,6,8,0.75,1,4,5,8,2,1,3,1,28,21.9
176,Anthony Morrow,31-129,G,2017-02-03 *,OKC,,MEM,W,0,19,5,7,0.714,2,3,0.667,3,4,0.75,2,2,1,1,0,1,0,0,0,1,3,15,10.6
177,Victor Oladipo,24-275,G,2017-02-03 *,OKC,,MEM,W,1,35,3,14,0.214,2,9,0.222,1,5,0.2,0,0,,0,3,3,3,2,0,0,4,7,1.8
178,Cameron Payne,22-179,G,2017-02-03 *,OKC,,MEM,W,0,19,4,7,0.571,3,5,0.6,1,2,0.5,0,0,,0,1,1,1,0,0,0,0,9,6.7
179,Russell Westbrook,28-083,G,2017-02-03 *,OKC,,MEM,W,1,38,8,20,0.4,3,13,0.231,5,7,0.714,17,17,1,2,11,13,12,3,0,5,2,38,37.5
180,Anthony Morrow,31-131,G,2017-02-05 *,OKC,,POR,W,0,19,3,7,0.429,2,5,0.4,1,2,0.5,0,0,,0,0,0,1,2,0,0,0,7,6
181,Victor Oladipo,24-277,G,2017-02-05 *,OKC,,POR,W,1,39,8,18,0.444,7,14,0.5,1,4,0.25,7,9,0.778,0,12,12,3,2,2,4,2,24,18.1
182,Cameron Payne,22-181,G,2017-02-05 *,OKC,,POR,W,0,15,0,6,0,0,4,0,0,2,0,0,0,,0,0,0,2,0,1,0,1,0,-2.5
183,Russell Westbrook,28-085,G,2017-02-05 *,OKC,,POR,W,1,35,16,34,0.471,15,28,0.536,1,6,0.167,9,11,0.818,1,3,4,8,0,0,4,3,42,25.8
184,Anthony Morrow,31-132,G,2017-02-06 *,OKC,@,IND,L,0,14,0,3,0,0,0,,0,3,0,0,0,,0,2,2,0,1,0,0,0,0,-0.5
185,Victor Oladipo,24-278,G,2017-02-06 *,OKC,@,IND,L,1,36,4,16,0.25,4,10,0.4,0,6,0,6,6,1,0,5,5,2,1,1,1,3,14,6.8
186,Cameron Payne,22-182,G,2017-02-06 *,OKC,@,IND,L,0,13,1,4,0.25,1,3,0.333,0,1,0,0,0,,1,2,3,2,0,0,2,2,2,-0.5
187,Russell Westbrook,28-086,G,2017-02-06 *,OKC,@,IND,L,1,37,10,27,0.37,6,17,0.353,4,10,0.4,3,4,0.75,2,16,18,9,1,2,4,3,27,21.4
188,Anthony Morrow,31-135,G,2017-02-09 *,OKC,,CLE,W,0,8,3,7,0.429,2,2,1,1,5,0.2,0,0,,0,2,2,0,0,0,0,0,7,3.9
189,Victor Oladipo,24-281,G,2017-02-09 *,OKC,,CLE,W,1,36,9,17,0.529,7,11,0.636,2,6,0.333,3,4,0.75,0,7,7,3,2,0,0,2,23,19.7
190,Cameron Payne,22-185,G,2017-02-09 *,OKC,,CLE,W,0,13,6,12,0.5,3,7,0.429,3,5,0.6,0,0,,0,1,1,2,1,0,0,3,15,10.5
191,Russell Westbrook,28-089,G,2017-02-09 *,OKC,,CLE,W,1,35,11,27,0.407,9,21,0.429,2,6,0.333,5,5,1,1,11,12,11,4,0,7,4,29,21.6
192,Semaj Christon,24-102,G,2017-02-11 *,OKC,,GSW,L,0,5,0,1,0,0,0,,0,1,0,0,0,,0,0,0,0,0,0,0,1,0,-1.1
193,Anthony Morrow,31-137,G,2017-02-11 *,OKC,,GSW,L,0,17,1,5,0.2,0,3,0,1,2,0.5,2,2,1,1,0,1,0,1,0,0,1,5,3.2
194,Victor Oladipo,24-283,G,2017-02-11 *,OKC,,GSW,L,1,35,9,15,0.6,7,11,0.636,2,4,0.5,0,0,,1,3,4,4,1,0,3,4,20,13.9
195,Cameron Payne,22-187,G,2017-02-11 *,OKC,,GSW,L,0,9,0,2,0,0,2,0,0,0,,0,0,,0,1,1,1,0,0,1,4,0,-3
196,Russell Westbrook,28-091,G,2017-02-11 *,OKC,,GSW,L,1,37,14,26,0.538,11,16,0.688,3,10,0.3,16,18,0.889,1,10,11,8,1,0,11,5,47,30.9
197,Semaj Christon,24-104,G,2017-02-13 *,OKC,@,WAS,L,0,11,2,5,0.4,2,5,0.4,0,0,,0,2,0,1,1,2,0,0,0,1,1,4,0.1
198,Anthony Morrow,31-139,G,2017-02-13 *,OKC,@,WAS,L,0,16,2,8,0.25,1,2,0.5,1,6,0.167,0,0,,0,1,1,0,1,0,0,0,5,1.5
199,Victor Oladipo,24-285,G,2017-02-13 *,OKC,@,WAS,L,1,18,2,6,0.333,2,3,0.667,0,3,0,2,2,1,1,0,1,0,0,0,2,4,6,-0.3
200,Cameron Payne,22-189,G,2017-02-13 *,OKC,@,WAS,L,0,23,5,9,0.556,3,5,0.6,2,4,0.5,0,0,,0,3,3,2,2,0,3,1,12,8.6
201,Russell Westbrook,28-093,G,2017-02-13 *,OKC,@,WAS,L,1,24,5,19,0.263,5,15,0.333,0,4,0,7,7,1,2,2,4,4,2,0,2,0,17,10.5
202,Anthony Morrow,31-141,G,2017-02-15 *,OKC,,NYK,W,0,7,1,2,0.5,0,1,0,1,1,1,0,0,,0,0,0,1,0,0,0,0,3,2.7
203,Victor Oladipo,24-287,G,2017-02-15 *,OKC,,NYK,W,1,37,9,17,0.529,6,11,0.545,3,6,0.5,0,0,,0,4,4,2,1,0,2,1,21,13.9
204,Cameron Payne,22-191,G,2017-02-15 *,OKC,,NYK,W,0,12,0,6,0,0,3,0,0,3,0,0,0,,0,2,2,3,0,0,1,0,0,-2.5
205,Russell Westbrook,28-095,G,2017-02-15 *,OKC,,NYK,W,1,38,13,22,0.591,10,17,0.588,3,5,0.6,9,13,0.692,3,11,14,12,3,1,6,0,38,37.7
206,Semaj Christon,24-115,G,2017-02-24 *,OKC,,LAL,W,0,13,0,1,0,0,1,0,0,0,,0,0,,0,1,1,2,0,1,3,3,0,-2.5
207,Russell Westbrook,28-104,G,2017-02-24 *,OKC,,LAL,W,1,35,4,18,0.222,3,13,0.231,1,5,0.2,8,9,0.889,2,16,18,17,3,0,6,1,17,20.3
208,Semaj Christon,24-117,G,2017-02-26 *,OKC,,NOP,W,0,11,1,5,0.2,1,3,0.333,0,2,0,1,2,0.5,0,0,0,0,0,0,0,0,3,-0.5
209,Russell Westbrook,28-106,G,2017-02-26 *,OKC,,NOP,W,1,37,14,29,0.483,12,21,0.571,2,8,0.25,11,12,0.917,2,9,11,11,1,0,9,2,41,28.9
210,Semaj Christon,24-119,G,2017-02-28 *,OKC,,UTA,W,0,9,1,1,1,1,1,1,0,0,,0,0,,0,0,0,2,0,1,0,1,2,3.4
211,Russell Westbrook,28-108,G,2017-02-28 *,OKC,,UTA,W,1,39,13,28,0.464,7,19,0.368,6,9,0.667,11,12,0.917,0,11,11,10,0,0,8,1,43,30.1
212,Norris Cole,28-140,G,2017-03-02 *,OKC,@,POR,L,0,11,2,5,0.4,1,4,0.25,1,1,1,2,2,1,0,1,1,2,1,0,0,0,7,7
213,Russell Westbrook,28-110,G,2017-03-02 *,OKC,@,POR,L,1,37,12,36,0.333,6,20,0.3,6,16,0.375,15,15,1,2,5,7,4,1,1,4,0,45,28
214,Semaj Christon,24-122,G,2017-03-03 *,OKC,@,PHO,L,0,0,0,0,,0,0,,0,0,,0,0,,0,0,0,0,1,0,0,0,0,1
215,Norris Cole,28-141,G,2017-03-03 *,OKC,@,PHO,L,0,10,1,6,0.167,1,5,0.2,0,1,0,0,0,,0,1,1,0,0,0,2,4,2,-5.1
216,Russell Westbrook,28-111,G,2017-03-03 *,OKC,@,PHO,L,1,38,14,30,0.467,11,18,0.611,3,12,0.25,17,18,0.944,1,16,17,9,3,0,4,4,48,41.4
217,Semaj Christon,24-124,G,2017-03-05 *,OKC,@,DAL,L,0,5,0,0,,0,0,,0,0,,0,0,,0,0,0,0,0,0,0,0,0,0
218,Norris Cole,28-143,G,2017-03-05 *,OKC,@,DAL,L,0,24,2,7,0.286,2,4,0.5,0,3,0,0,0,,0,3,3,2,0,0,1,2,4,0.4
219,Russell Westbrook,28-113,G,2017-03-05 *,OKC,@,DAL,L,1,34,8,24,0.333,6,14,0.429,2,10,0.2,11,13,0.846,0,6,6,5,2,1,1,4,29,20
220,Semaj Christon,24-126,G,2017-03-07 *,OKC,,POR,L,0,10,0,3,0,0,2,0,0,1,0,0,0,,1,1,2,2,1,0,1,2,0,-0.5
221,Norris Cole,28-145,G,2017-03-07 *,OKC,,POR,L,0,6,1,2,0.5,1,2,0.5,0,0,,0,0,,0,0,0,1,0,0,2,0,2,-0.3
222,Victor Oladipo,24-307,G,2017-03-07 *,OKC,,POR,L,1,25,5,9,0.556,1,4,0.25,4,5,0.8,2,2,1,0,5,5,0,0,0,1,3,16,11
223,Russell Westbrook,28-115,G,2017-03-07 *,OKC,,POR,L,1,36,21,39,0.538,18,30,0.6,3,9,0.333,13,16,0.813,1,2,3,9,3,1,4,4,58,43.6
224,Semaj Christon,24-128,G,2017-03-09 *,OKC,,SAS,W,0,19,0,0,,0,0,,0,0,,0,0,,0,1,1,3,2,0,0,1,0,4
225,Victor Oladipo,24-309,G,2017-03-09 *,OKC,,SAS,W,1,28,8,15,0.533,5,11,0.455,3,4,0.75,1,1,1,0,4,4,3,1,0,1,2,20,15.2
226,Russell Westbrook,28-117,G,2017-03-09 *,OKC,,SAS,W,1,35,7,21,0.333,6,15,0.4,1,6,0.167,8,9,0.889,3,10,13,13,2,0,3,2,23,23.1
227,Semaj Christon,24-130,G,2017-03-11 *,OKC,,UTA,W,0,17,0,5,0,0,2,0,0,3,0,0,0,,0,1,1,1,0,0,0,2,0,-3.3
228,Victor Oladipo,24-311,G,2017-03-11 *,OKC,,UTA,W,1,38,8,15,0.533,5,9,0.556,3,6,0.5,3,4,0.75,1,1,2,4,1,1,1,2,22,18
229,Russell Westbrook,28-119,G,2017-03-11 *,OKC,,UTA,W,1,36,9,26,0.346,6,16,0.375,3,10,0.3,12,13,0.923,1,10,11,14,2,2,5,1,33,29.5
230,Semaj Christon,24-133,G,2017-03-14 *,OKC,@,BRK,W,0,17,1,1,1,1,1,1,0,0,,0,0,,0,3,3,3,0,0,0,0,2,4.7
231,Victor Oladipo,24-314,G,2017-03-14 *,OKC,@,BRK,W,1,32,9,16,0.563,6,12,0.5,3,4,0.75,0,0,,2,1,3,0,4,0,2,3,21,15.9
232,Russell Westbrook,28-122,G,2017-03-14 *,OKC,@,BRK,W,1,35,6,18,0.333,4,11,0.364,2,7,0.286,11,13,0.846,1,11,12,19,2,1,5,3,25,27.8
233,Semaj Christon,24-135,G,2017-03-16 *,OKC,@,TOR,W,0,21,0,1,0,0,1,0,0,0,,0,0,,0,2,2,1,1,0,2,1,0,-0.8
234,Norris Cole,28-154,G,2017-03-16 *,OKC,@,TOR,W,0,3,0,1,0,0,1,0,0,0,,0,0,,0,0,0,2,0,0,2,0,0,-1.3
235,Victor Oladipo,24-316,G,2017-03-16 *,OKC,@,TOR,W,1,28,9,15,0.6,6,12,0.5,3,3,1,2,3,0.667,2,3,5,2,0,0,2,0,23,17.4
236,Russell Westbrook,28-124,G,2017-03-16 *,OKC,@,TOR,W,1,28,8,17,0.471,4,9,0.444,4,8,0.5,4,4,1,0,10,10,16,1,0,2,2,24,27.7
237,Semaj Christon,24-137,G,2017-03-18 *,OKC,,SAC,W,0,12,1,1,1,1,1,1,0,0,,0,0,,0,0,0,4,0,1,0,2,2,4.4
238,Victor Oladipo,24-318,G,2017-03-18 *,OKC,,SAC,W,1,31,4,15,0.267,3,10,0.3,1,5,0.2,0,0,,0,4,4,1,0,0,2,3,9,-1.2
239,Russell Westbrook,28-126,G,2017-03-18 *,OKC,,SAC,W,1,36,9,20,0.45,5,11,0.455,4,9,0.444,6,7,0.857,3,5,8,10,4,0,7,1,28,24.4
240,Semaj Christon,24-139,G,2017-03-20 *,OKC,,GSW,L,0,22,4,4,1,3,3,1,1,1,1,1,2,0.5,0,2,2,1,1,0,0,1,10,10.3
241,Norris Cole,28-158,G,2017-03-20 *,OKC,,GSW,L,0,3,2,2,1,2,2,1,0,0,,0,0,,0,0,0,1,1,0,0,0,4,5.1
242,Victor Oladipo,24-320,G,2017-03-20 *,OKC,,GSW,L,1,33,6,14,0.429,4,11,0.364,2,3,0.667,3,4,0.75,1,5,6,5,2,0,1,2,17,15.1
243,Russell Westbrook,28-128,G,2017-03-20 *,OKC,,GSW,L,1,27,4,16,0.25,3,10,0.3,1,6,0.167,6,7,0.857,0,8,8,7,2,0,5,4,15,7.7
244,Semaj Christon,24-141,G,2017-03-22 *,OKC,,PHI,W,0,18,3,4,0.75,3,3,1,0,1,0,0,0,,0,1,1,1,0,0,1,1,6,4
245,Norris Cole,28-160,G,2017-03-22 *,OKC,,PHI,W,0,5,1,4,0.25,1,4,0.25,0,0,,0,0,,0,0,0,2,0,0,0,0,2,1
246,Victor Oladipo,24-322,G,2017-03-22 *,OKC,,PHI,W,1,31,7,13,0.538,6,10,0.6,1,3,0.333,3,3,1,0,2,2,1,1,0,4,2,18,9.2
247,Russell Westbrook,28-130,G,2017-03-22 *,OKC,,PHI,W,1,28,6,6,1,6,6,1,0,0,,6,6,1,0,11,11,14,0,2,5,1,18,25.3
248,Semaj Christon,24-145,G,2017-03-26 *,OKC,@,HOU,L,0,16,0,1,0,0,0,,0,1,0,0,0,,2,0,2,1,2,0,4,0,0,-0.6
249,Norris Cole,28-164,G,2017-03-26 *,OKC,@,HOU,L,0,1,0,0,,0,0,,0,0,,0,0,,0,0,0,0,0,0,0,0,0,0
250,Victor Oladipo,24-326,G,2017-03-26 *,OKC,@,HOU,L,1,29,6,15,0.4,3,8,0.375,3,7,0.429,0,0,,0,4,4,4,2,0,2,2,15,10.1
251,Russell Westbrook,28-134,G,2017-03-26 *,OKC,@,HOU,L,1,39,13,24,0.542,10,15,0.667,3,9,0.333,10,16,0.625,0,11,11,13,0,0,5,4,39,30.8
252,Semaj Christon,24-146,G,2017-03-27 *,OKC,@,DAL,W,0,20,0,5,0,0,4,0,0,1,0,2,2,1,0,2,2,1,0,0,1,2,2,-2
253,Victor Oladipo,24-327,G,2017-03-27 *,OKC,@,DAL,W,1,37,6,15,0.4,3,9,0.333,3,6,0.5,0,0,,1,9,10,2,1,1,2,3,15,10.2
254,Russell Westbrook,28-135,G,2017-03-27 *,OKC,@,DAL,W,1,36,15,30,0.5,13,21,0.619,2,9,0.222,5,5,1,0,13,13,10,2,0,6,0,37,28.9
255,Semaj Christon,24-148,G,2017-03-29 *,OKC,@,ORL,W,0,12,1,2,0.5,1,1,1,0,1,0,0,0,,0,1,1,0,1,0,0,1,2,1.9
256,Norris Cole,28-167,G,2017-03-29 *,OKC,@,ORL,W,0,4,0,1,0,0,1,0,0,0,,0,0,,0,0,0,0,1,0,0,1,0,-0.1
257,Victor Oladipo,24-329,G,2017-03-29 *,OKC,@,ORL,W,1,44,5,17,0.294,4,11,0.364,1,6,0.167,2,2,1,0,5,5,1,1,1,1,4,13,4.4
258,Russell Westbrook,28-137,G,2017-03-29 *,OKC,@,ORL,W,1,42,21,40,0.525,15,25,0.6,6,15,0.4,9,11,0.818,3,10,13,11,3,0,7,3,57,44.2
259,Semaj Christon,24-150,G,2017-03-31 *,OKC,,SAS,L,0,13,0,2,0,0,2,0,0,0,,0,0,,0,1,1,3,1,0,1,0,0,1
260,Victor Oladipo,24-331,G,2017-03-31 *,OKC,,SAS,L,1,33,7,17,0.412,5,10,0.5,2,7,0.286,0,0,,0,2,2,3,1,0,3,3,16,6.4
261,Russell Westbrook,28-139,G,2017-03-31 *,OKC,,SAS,L,1,37,8,22,0.364,6,15,0.4,2,7,0.286,14,15,0.933,2,13,15,12,0,0,8,1,32,24.7
262,Semaj Christon,24-152,G,2017-04-02 *,OKC,,CHO,L,0,16,1,2,0.5,1,2,0.5,0,0,,0,0,,0,0,0,0,2,0,1,1,2,1.6
263,Victor Oladipo,24-333,G,2017-04-02 *,OKC,,CHO,L,1,33,6,14,0.429,4,7,0.571,2,7,0.286,5,5,1,0,3,3,6,2,0,4,4,19,13.1
264,Russell Westbrook,28-141,G,2017-04-02 *,OKC,,CHO,L,1,36,14,31,0.452,7,16,0.438,7,15,0.467,5,5,1,1,12,13,10,2,0,8,1,40,28.8
265,Semaj Christon,24-154,G,2017-04-04 *,OKC,,MIL,W,0,21,4,6,0.667,4,5,0.8,0,1,0,2,2,1,1,6,7,3,0,1,1,0,10,11.7
266,Norris Cole,28-173,G,2017-04-04 *,OKC,,MIL,W,0,9,0,2,0,0,1,0,0,1,0,2,2,1,0,1,1,1,0,0,0,2,2,0.8
267,Victor Oladipo,24-335,G,2017-04-04 *,OKC,,MIL,W,1,25,2,7,0.286,1,2,0.5,1,5,0.2,3,4,0.75,0,2,2,4,1,0,2,1,8,5.5
268,Russell Westbrook,28-143,G,2017-04-04 *,OKC,,MIL,W,1,27,4,12,0.333,2,8,0.25,2,4,0.5,2,2,1,3,10,13,13,2,0,3,2,12,17.6
269,Semaj Christon,24-155,G,2017-04-05 *,OKC,@,MEM,W,0,23,1,5,0.2,0,2,0,1,3,0.333,0,0,,0,0,0,3,1,0,0,2,3,2.2
270,Victor Oladipo,24-336,G,2017-04-05 *,OKC,@,MEM,W,1,39,6,15,0.4,5,9,0.556,1,6,0.167,2,2,1,0,3,3,5,2,1,0,3,15,12.8
271,Russell Westbrook,28-144,G,2017-04-05 *,OKC,@,MEM,W,1,38,14,25,0.56,6,12,0.5,8,13,0.615,9,12,0.75,0,9,9,10,4,0,7,4,45,37
272,Semaj Christon,24-157,G,2017-04-07 *,OKC,@,PHO,L,0,18,1,4,0.25,1,3,0.333,0,1,0,0,0,,0,2,2,0,0,0,0,2,2,-0.6
273,Norris Cole,28-176,G,2017-04-07 *,OKC,@,PHO,L,0,10,1,2,0.5,0,0,,1,2,0.5,0,0,,0,1,1,0,1,0,0,4,3,1.7
274,Victor Oladipo,24-338,G,2017-04-07 *,OKC,@,PHO,L,1,27,3,8,0.375,3,6,0.5,0,2,0,1,5,0.2,1,2,3,3,0,0,1,4,7,1.8
275,Russell Westbrook,28-146,G,2017-04-07 *,OKC,@,PHO,L,1,36,6,25,0.24,4,13,0.308,2,12,0.167,9,9,1,6,6,12,8,0,1,8,5,23,10.2
276,Semaj Christon,24-159,G,2017-04-09 *,OKC,@,DEN,W,0,23,1,3,0.333,0,1,0,1,2,0.5,0,0,,0,1,1,0,0,0,0,1,3,1.2
277,Victor Oladipo,24-340,G,2017-04-09 *,OKC,@,DEN,W,1,33,3,15,0.2,3,9,0.333,0,6,0,2,2,1,0,6,6,2,0,0,3,1,8,-1.5
278,Russell Westbrook,28-148,G,2017-04-09 *,OKC,@,DEN,W,1,37,17,32,0.531,12,20,0.6,5,12,0.417,11,11,1,2,14,16,10,1,0,2,1,50,45.6
279,Semaj Christon,24-161,G,2017-04-11 *,OKC,@,MIN,W,1,30,1,5,0.2,1,4,0.25,0,1,0,0,0,,1,1,2,6,1,0,0,2,2,4.3
280,Norris Cole,28-180,G,2017-04-11 *,OKC,@,MIN,W,0,23,4,11,0.364,3,8,0.375,1,3,0.333,3,4,0.75,0,2,2,3,2,0,0,3,12,9
281,Victor Oladipo,24-342,G,2017-04-11 *,OKC,@,MIN,W,1,34,8,16,0.5,7,11,0.636,1,5,0.2,3,3,1,3,6,9,6,0,0,8,2,20,11.3
282,Semaj Christon,24-162,G,2017-04-12 *,OKC,,DEN,L,0,18,2,4,0.5,1,2,0.5,1,2,0.5,0,0,,0,0,0,2,0,0,0,4,5,2.8
283,Norris Cole,28-181,G,2017-04-12 *,OKC,,DEN,L,0,15,2,9,0.222,2,7,0.286,0,2,0,1,2,0.5,0,2,2,0,2,0,0,2,5,0.9
284,Victor Oladipo,24-343,G,2017-04-12 *,OKC,,DEN,L,1,25,4,9,0.444,3,7,0.429,1,2,0.5,1,2,0.5,0,3,3,3,1,1,3,0,10,6.6
285,Russell Westbrook,28-151,G,2017-04-12 *,OKC,,DEN,L,1,18,2,10,0.2,1,5,0.2,1,5,0.2,0,0,,0,5,5,8,0,1,3,2,5,2.8
